id	class	method	parent	flags	annotations	visibility	non-primitive-return	path
1	org.apache.commons.fileupload2.core.ProgressListener	update(long,long,int)	0	[false, false, false]		public	false	/home/nima/Developer/taint-benchmarks/commons-fileupload/commons-fileupload2-core/src/main/java/org/apache/commons/fileupload2/core/ProgressListener.java
2	org.apache.commons.fileupload2.core.FileUploadByteCountLimitException	FileUploadByteCountLimitException(java.lang.String,long,long,java.lang.String,java.lang.String)	0	[false, false, false, false, false]		public	false	/home/nima/Developer/taint-benchmarks/commons-fileupload/commons-fileupload2-core/src/main/java/org/apache/commons/fileupload2/core/FileUploadByteCountLimitException.java
3	org.apache.commons.fileupload2.core.FileUploadByteCountLimitException	getFieldName()	0	[]		public	true	/home/nima/Developer/taint-benchmarks/commons-fileupload/commons-fileupload2-core/src/main/java/org/apache/commons/fileupload2/core/FileUploadByteCountLimitException.java
4	org.apache.commons.fileupload2.core.FileUploadByteCountLimitException	getFileName()	0	[]		public	true	/home/nima/Developer/taint-benchmarks/commons-fileupload/commons-fileupload2-core/src/main/java/org/apache/commons/fileupload2/core/FileUploadByteCountLimitException.java
5	org.apache.commons.fileupload2.core.FileUploadSizeException	FileUploadSizeException(java.lang.String,long,long)	0	[false, false, false]		public	false	/home/nima/Developer/taint-benchmarks/commons-fileupload/commons-fileupload2-core/src/main/java/org/apache/commons/fileupload2/core/FileUploadSizeException.java
6	org.apache.commons.fileupload2.core.FileUploadSizeException	getActualSize()	0	[]		public	false	/home/nima/Developer/taint-benchmarks/commons-fileupload/commons-fileupload2-core/src/main/java/org/apache/commons/fileupload2/core/FileUploadSizeException.java
7	org.apache.commons.fileupload2.core.FileUploadSizeException	getPermitted()	0	[]		public	false	/home/nima/Developer/taint-benchmarks/commons-fileupload/commons-fileupload2-core/src/main/java/org/apache/commons/fileupload2/core/FileUploadSizeException.java
8	org.apache.commons.fileupload2.core.FileUploadException	FileUploadException(java.lang.String)	0	[false]		public	false	/home/nima/Developer/taint-benchmarks/commons-fileupload/commons-fileupload2-core/src/main/java/org/apache/commons/fileupload2/core/FileUploadException.java
9	org.apache.commons.fileupload2.core.FileUploadException	FileUploadException(java.lang.String,java.lang.Throwable)	0	[false, false]		public	false	/home/nima/Developer/taint-benchmarks/commons-fileupload/commons-fileupload2-core/src/main/java/org/apache/commons/fileupload2/core/FileUploadException.java
10	org.apache.commons.fileupload2.core.FileItemHeadersImpl	addHeader(java.lang.String,java.lang.String)	11	[false, false]	java.lang.Override	public	false	/home/nima/Developer/taint-benchmarks/commons-fileupload/commons-fileupload2-core/src/main/java/org/apache/commons/fileupload2/core/FileItemHeadersImpl.java
12	org.apache.commons.fileupload2.core.FileItemHeadersImpl	getHeader(java.lang.String)	13	[false]	java.lang.Override	public	true	/home/nima/Developer/taint-benchmarks/commons-fileupload/commons-fileupload2-core/src/main/java/org/apache/commons/fileupload2/core/FileItemHeadersImpl.java
14	org.apache.commons.fileupload2.core.FileItemHeadersImpl	getHeaderNames()	15	[]	java.lang.Override	public	true	/home/nima/Developer/taint-benchmarks/commons-fileupload/commons-fileupload2-core/src/main/java/org/apache/commons/fileupload2/core/FileItemHeadersImpl.java
16	org.apache.commons.fileupload2.core.FileItemHeadersImpl	getHeaders(java.lang.String)	17	[false]	java.lang.Override	public	true	/home/nima/Developer/taint-benchmarks/commons-fileupload/commons-fileupload2-core/src/main/java/org/apache/commons/fileupload2/core/FileItemHeadersImpl.java
18	org.apache.commons.fileupload2.core.FileItemHeadersImpl	getList(java.lang.String)	0	[false]		private	true	/home/nima/Developer/taint-benchmarks/commons-fileupload/commons-fileupload2-core/src/main/java/org/apache/commons/fileupload2/core/FileItemHeadersImpl.java
19	org.apache.commons.fileupload2.core.FileItemHeadersImpl	toLowerCase(java.lang.String)	0	[false]		private	true	/home/nima/Developer/taint-benchmarks/commons-fileupload/commons-fileupload2-core/src/main/java/org/apache/commons/fileupload2/core/FileItemHeadersImpl.java
11	org.apache.commons.fileupload2.core.FileItemHeaders	addHeader(java.lang.String,java.lang.String)	0	[false, false]		public	false	/home/nima/Developer/taint-benchmarks/commons-fileupload/commons-fileupload2-core/src/main/java/org/apache/commons/fileupload2/core/FileItemHeaders.java
13	org.apache.commons.fileupload2.core.FileItemHeaders	getHeader(java.lang.String)	0	[false]		public	true	/home/nima/Developer/taint-benchmarks/commons-fileupload/commons-fileupload2-core/src/main/java/org/apache/commons/fileupload2/core/FileItemHeaders.java
15	org.apache.commons.fileupload2.core.FileItemHeaders	getHeaderNames()	0	[]		public	true	/home/nima/Developer/taint-benchmarks/commons-fileupload/commons-fileupload2-core/src/main/java/org/apache/commons/fileupload2/core/FileItemHeaders.java
17	org.apache.commons.fileupload2.core.FileItemHeaders	getHeaders(java.lang.String)	0	[false]		public	true	/home/nima/Developer/taint-benchmarks/commons-fileupload/commons-fileupload2-core/src/main/java/org/apache/commons/fileupload2/core/FileItemHeaders.java
20	org.apache.commons.fileupload2.core.FileItemHeadersProvider	getHeaders()	0	[]		public	true	/home/nima/Developer/taint-benchmarks/commons-fileupload/commons-fileupload2-core/src/main/java/org/apache/commons/fileupload2/core/FileItemHeadersProvider.java
21	org.apache.commons.fileupload2.core.FileItemHeadersProvider	setHeaders(org.apache.commons.fileupload2.core.FileItemHeaders)	0	[false]		public	true	/home/nima/Developer/taint-benchmarks/commons-fileupload/commons-fileupload2-core/src/main/java/org/apache/commons/fileupload2/core/FileItemHeadersProvider.java
22	org.apache.commons.fileupload2.core.FileItemInputIteratorImpl	FileItemInputIteratorImpl(org.apache.commons.fileupload2.core.AbstractFileUpload,org.apache.commons.fileupload2.core.RequestContext)	0	[false, false]		package	false	/home/nima/Developer/taint-benchmarks/commons-fileupload/commons-fileupload2-core/src/main/java/org/apache/commons/fileupload2/core/FileItemInputIteratorImpl.java
23	org.apache.commons.fileupload2.core.FileItemInputIteratorImpl	findNextItem()	0	[]		private	false	/home/nima/Developer/taint-benchmarks/commons-fileupload/commons-fileupload2-core/src/main/java/org/apache/commons/fileupload2/core/FileItemInputIteratorImpl.java
24	org.apache.commons.fileupload2.core.FileItemInputIteratorImpl	getContentLength(org.apache.commons.fileupload2.core.FileItemHeaders)	0	[false]		private	false	/home/nima/Developer/taint-benchmarks/commons-fileupload/commons-fileupload2-core/src/main/java/org/apache/commons/fileupload2/core/FileItemInputIteratorImpl.java
25	org.apache.commons.fileupload2.core.FileItemInputIteratorImpl	getFileSizeMax()	26	[]	java.lang.Override	public	false	/home/nima/Developer/taint-benchmarks/commons-fileupload/commons-fileupload2-core/src/main/java/org/apache/commons/fileupload2/core/FileItemInputIteratorImpl.java
27	org.apache.commons.fileupload2.core.FileItemInputIteratorImpl	getMultiPartInput()	0	[]		public	true	/home/nima/Developer/taint-benchmarks/commons-fileupload/commons-fileupload2-core/src/main/java/org/apache/commons/fileupload2/core/FileItemInputIteratorImpl.java
28	org.apache.commons.fileupload2.core.FileItemInputIteratorImpl	getSizeMax()	29	[]	java.lang.Override	public	false	/home/nima/Developer/taint-benchmarks/commons-fileupload/commons-fileupload2-core/src/main/java/org/apache/commons/fileupload2/core/FileItemInputIteratorImpl.java
30	org.apache.commons.fileupload2.core.FileItemInputIteratorImpl	hasNext()	31	[]	java.lang.Override	public	false	/home/nima/Developer/taint-benchmarks/commons-fileupload/commons-fileupload2-core/src/main/java/org/apache/commons/fileupload2/core/FileItemInputIteratorImpl.java
32	org.apache.commons.fileupload2.core.FileItemInputIteratorImpl	init(org.apache.commons.fileupload2.core.AbstractFileUpload,org.apache.commons.fileupload2.core.RequestContext)	0	[false, false]		protected	false	/home/nima/Developer/taint-benchmarks/commons-fileupload/commons-fileupload2-core/src/main/java/org/apache/commons/fileupload2/core/FileItemInputIteratorImpl.java
33	org.apache.commons.fileupload2.core.FileItemInputIteratorImpl$1	onMaxLength(long,long)	34	[false, false]	java.lang.Override	protected	false	/home/nima/Developer/taint-benchmarks/commons-fileupload/commons-fileupload2-core/src/main/java/org/apache/commons/fileupload2/core/FileItemInputIteratorImpl.java
35	org.apache.commons.fileupload2.core.FileItemInputIteratorImpl	next()	36	[]	java.lang.Override	public	true	/home/nima/Developer/taint-benchmarks/commons-fileupload/commons-fileupload2-core/src/main/java/org/apache/commons/fileupload2/core/FileItemInputIteratorImpl.java
37	org.apache.commons.fileupload2.core.FileItemInputIteratorImpl	setFileSizeMax(long)	38	[false]	java.lang.Override	public	false	/home/nima/Developer/taint-benchmarks/commons-fileupload/commons-fileupload2-core/src/main/java/org/apache/commons/fileupload2/core/FileItemInputIteratorImpl.java
39	org.apache.commons.fileupload2.core.FileItemInputIteratorImpl	setSizeMax(long)	40	[false]	java.lang.Override	public	false	/home/nima/Developer/taint-benchmarks/commons-fileupload/commons-fileupload2-core/src/main/java/org/apache/commons/fileupload2/core/FileItemInputIteratorImpl.java
41	org.apache.commons.fileupload2.core.FileItemInputIteratorImpl	unwrap()	42	[]	java.lang.Override	public	true	/home/nima/Developer/taint-benchmarks/commons-fileupload/commons-fileupload2-core/src/main/java/org/apache/commons/fileupload2/core/FileItemInputIteratorImpl.java
26	org.apache.commons.fileupload2.core.FileItemInputIterator	getFileSizeMax()	0	[]		public	false	/home/nima/Developer/taint-benchmarks/commons-fileupload/commons-fileupload2-core/src/main/java/org/apache/commons/fileupload2/core/FileItemInputIterator.java
29	org.apache.commons.fileupload2.core.FileItemInputIterator	getSizeMax()	0	[]		public	false	/home/nima/Developer/taint-benchmarks/commons-fileupload/commons-fileupload2-core/src/main/java/org/apache/commons/fileupload2/core/FileItemInputIterator.java
31	org.apache.commons.fileupload2.core.FileItemInputIterator	hasNext()	43	[]	java.lang.Override	public	false	/home/nima/Developer/taint-benchmarks/commons-fileupload/commons-fileupload2-core/src/main/java/org/apache/commons/fileupload2/core/FileItemInputIterator.java
36	org.apache.commons.fileupload2.core.FileItemInputIterator	next()	44	[]	java.lang.Override	public	true	/home/nima/Developer/taint-benchmarks/commons-fileupload/commons-fileupload2-core/src/main/java/org/apache/commons/fileupload2/core/FileItemInputIterator.java
38	org.apache.commons.fileupload2.core.FileItemInputIterator	setFileSizeMax(long)	0	[false]		public	false	/home/nima/Developer/taint-benchmarks/commons-fileupload/commons-fileupload2-core/src/main/java/org/apache/commons/fileupload2/core/FileItemInputIterator.java
40	org.apache.commons.fileupload2.core.FileItemInputIterator	setSizeMax(long)	0	[false]		public	false	/home/nima/Developer/taint-benchmarks/commons-fileupload/commons-fileupload2-core/src/main/java/org/apache/commons/fileupload2/core/FileItemInputIterator.java
45	org.apache.commons.fileupload2.core.FileItemInput$ItemSkippedException	ItemSkippedException(java.lang.String)	0	[false]		package	false	/home/nima/Developer/taint-benchmarks/commons-fileupload/commons-fileupload2-core/src/main/java/org/apache/commons/fileupload2/core/FileItemInput.java
46	org.apache.commons.fileupload2.core.FileItemInput	getContentType()	0	[]		public	true	/home/nima/Developer/taint-benchmarks/commons-fileupload/commons-fileupload2-core/src/main/java/org/apache/commons/fileupload2/core/FileItemInput.java
47	org.apache.commons.fileupload2.core.FileItemInput	getFieldName()	0	[]		public	true	/home/nima/Developer/taint-benchmarks/commons-fileupload/commons-fileupload2-core/src/main/java/org/apache/commons/fileupload2/core/FileItemInput.java
48	org.apache.commons.fileupload2.core.FileItemInput	getInputStream()	0	[]		public	true	/home/nima/Developer/taint-benchmarks/commons-fileupload/commons-fileupload2-core/src/main/java/org/apache/commons/fileupload2/core/FileItemInput.java
49	org.apache.commons.fileupload2.core.FileItemInput	getName()	0	[]		public	true	/home/nima/Developer/taint-benchmarks/commons-fileupload/commons-fileupload2-core/src/main/java/org/apache/commons/fileupload2/core/FileItemInput.java
50	org.apache.commons.fileupload2.core.FileItemInput	isFormField()	0	[]		public	false	/home/nima/Developer/taint-benchmarks/commons-fileupload/commons-fileupload2-core/src/main/java/org/apache/commons/fileupload2/core/FileItemInput.java
51	org.apache.commons.fileupload2.core.FileItemFactory$AbstractFileItemBuilder	newFileItemHeaders()	0	[]		public	true	/home/nima/Developer/taint-benchmarks/commons-fileupload/commons-fileupload2-core/src/main/java/org/apache/commons/fileupload2/core/FileItemFactory.java
52	org.apache.commons.fileupload2.core.FileItemFactory$AbstractFileItemBuilder	AbstractFileItemBuilder()	0	[]		public	false	/home/nima/Developer/taint-benchmarks/commons-fileupload/commons-fileupload2-core/src/main/java/org/apache/commons/fileupload2/core/FileItemFactory.java
53	org.apache.commons.fileupload2.core.FileItemFactory$AbstractFileItemBuilder	getContentType()	0	[]		public	true	/home/nima/Developer/taint-benchmarks/commons-fileupload/commons-fileupload2-core/src/main/java/org/apache/commons/fileupload2/core/FileItemFactory.java
54	org.apache.commons.fileupload2.core.FileItemFactory$AbstractFileItemBuilder	getFieldName()	0	[]		public	true	/home/nima/Developer/taint-benchmarks/commons-fileupload/commons-fileupload2-core/src/main/java/org/apache/commons/fileupload2/core/FileItemFactory.java
55	org.apache.commons.fileupload2.core.FileItemFactory$AbstractFileItemBuilder	getFileCleaningTracker()	0	[]		public	true	/home/nima/Developer/taint-benchmarks/commons-fileupload/commons-fileupload2-core/src/main/java/org/apache/commons/fileupload2/core/FileItemFactory.java
56	org.apache.commons.fileupload2.core.FileItemFactory$AbstractFileItemBuilder	getFileItemHeaders()	0	[]		public	true	/home/nima/Developer/taint-benchmarks/commons-fileupload/commons-fileupload2-core/src/main/java/org/apache/commons/fileupload2/core/FileItemFactory.java
57	org.apache.commons.fileupload2.core.FileItemFactory$AbstractFileItemBuilder	getFileName()	0	[]		public	true	/home/nima/Developer/taint-benchmarks/commons-fileupload/commons-fileupload2-core/src/main/java/org/apache/commons/fileupload2/core/FileItemFactory.java
58	org.apache.commons.fileupload2.core.FileItemFactory$AbstractFileItemBuilder	isFormField()	0	[]		public	false	/home/nima/Developer/taint-benchmarks/commons-fileupload/commons-fileupload2-core/src/main/java/org/apache/commons/fileupload2/core/FileItemFactory.java
59	org.apache.commons.fileupload2.core.FileItemFactory$AbstractFileItemBuilder	setContentType(java.lang.String)	0	[false]		public	true	/home/nima/Developer/taint-benchmarks/commons-fileupload/commons-fileupload2-core/src/main/java/org/apache/commons/fileupload2/core/FileItemFactory.java
60	org.apache.commons.fileupload2.core.FileItemFactory$AbstractFileItemBuilder	setFieldName(java.lang.String)	0	[false]		public	true	/home/nima/Developer/taint-benchmarks/commons-fileupload/commons-fileupload2-core/src/main/java/org/apache/commons/fileupload2/core/FileItemFactory.java
61	org.apache.commons.fileupload2.core.FileItemFactory$AbstractFileItemBuilder	setFileCleaningTracker(org.apache.commons.io.FileCleaningTracker)	0	[false]		public	true	/home/nima/Developer/taint-benchmarks/commons-fileupload/commons-fileupload2-core/src/main/java/org/apache/commons/fileupload2/core/FileItemFactory.java
62	org.apache.commons.fileupload2.core.FileItemFactory$AbstractFileItemBuilder	setFileItemHeaders(org.apache.commons.fileupload2.core.FileItemHeaders)	0	[false]		public	true	/home/nima/Developer/taint-benchmarks/commons-fileupload/commons-fileupload2-core/src/main/java/org/apache/commons/fileupload2/core/FileItemFactory.java
63	org.apache.commons.fileupload2.core.FileItemFactory$AbstractFileItemBuilder	setFileName(java.lang.String)	0	[false]		public	true	/home/nima/Developer/taint-benchmarks/commons-fileupload/commons-fileupload2-core/src/main/java/org/apache/commons/fileupload2/core/FileItemFactory.java
64	org.apache.commons.fileupload2.core.FileItemFactory$AbstractFileItemBuilder	setFormField(boolean)	0	[false]		public	true	/home/nima/Developer/taint-benchmarks/commons-fileupload/commons-fileupload2-core/src/main/java/org/apache/commons/fileupload2/core/FileItemFactory.java
65	org.apache.commons.fileupload2.core.FileItemFactory	fileItemBuilder()	0	[]		public	true	/home/nima/Developer/taint-benchmarks/commons-fileupload/commons-fileupload2-core/src/main/java/org/apache/commons/fileupload2/core/FileItemFactory.java
66	org.apache.commons.fileupload2.core.AbstractFileUpload	isMultipartContent(org.apache.commons.fileupload2.core.RequestContext)	0	[false]		public	false	/home/nima/Developer/taint-benchmarks/commons-fileupload/commons-fileupload2-core/src/main/java/org/apache/commons/fileupload2/core/AbstractFileUpload.java
67	org.apache.commons.fileupload2.core.AbstractFileUpload	getBoundary(java.lang.String)	0	[false]		public	true	/home/nima/Developer/taint-benchmarks/commons-fileupload/commons-fileupload2-core/src/main/java/org/apache/commons/fileupload2/core/AbstractFileUpload.java
68	org.apache.commons.fileupload2.core.AbstractFileUpload	getFieldName(org.apache.commons.fileupload2.core.FileItemHeaders)	0	[false]		public	true	/home/nima/Developer/taint-benchmarks/commons-fileupload/commons-fileupload2-core/src/main/java/org/apache/commons/fileupload2/core/AbstractFileUpload.java
69	org.apache.commons.fileupload2.core.AbstractFileUpload	getFieldName(java.lang.String)	0	[false]		private	true	/home/nima/Developer/taint-benchmarks/commons-fileupload/commons-fileupload2-core/src/main/java/org/apache/commons/fileupload2/core/AbstractFileUpload.java
70	org.apache.commons.fileupload2.core.AbstractFileUpload	getFileCountMax()	0	[]		public	false	/home/nima/Developer/taint-benchmarks/commons-fileupload/commons-fileupload2-core/src/main/java/org/apache/commons/fileupload2/core/AbstractFileUpload.java
71	org.apache.commons.fileupload2.core.AbstractFileUpload	getFileItemFactory()	0	[]		public	true	/home/nima/Developer/taint-benchmarks/commons-fileupload/commons-fileupload2-core/src/main/java/org/apache/commons/fileupload2/core/AbstractFileUpload.java
72	org.apache.commons.fileupload2.core.AbstractFileUpload	getFileName(org.apache.commons.fileupload2.core.FileItemHeaders)	0	[false]		public	true	/home/nima/Developer/taint-benchmarks/commons-fileupload/commons-fileupload2-core/src/main/java/org/apache/commons/fileupload2/core/AbstractFileUpload.java
73	org.apache.commons.fileupload2.core.AbstractFileUpload	getFileName(java.lang.String)	0	[false]		private	true	/home/nima/Developer/taint-benchmarks/commons-fileupload/commons-fileupload2-core/src/main/java/org/apache/commons/fileupload2/core/AbstractFileUpload.java
74	org.apache.commons.fileupload2.core.AbstractFileUpload	getFileSizeMax()	0	[]		public	false	/home/nima/Developer/taint-benchmarks/commons-fileupload/commons-fileupload2-core/src/main/java/org/apache/commons/fileupload2/core/AbstractFileUpload.java
75	org.apache.commons.fileupload2.core.AbstractFileUpload	getHeaderCharset()	0	[]		public	true	/home/nima/Developer/taint-benchmarks/commons-fileupload/commons-fileupload2-core/src/main/java/org/apache/commons/fileupload2/core/AbstractFileUpload.java
76	org.apache.commons.fileupload2.core.AbstractFileUpload	getItemIterator(R)	0	[false]		public	true	/home/nima/Developer/taint-benchmarks/commons-fileupload/commons-fileupload2-core/src/main/java/org/apache/commons/fileupload2/core/AbstractFileUpload.java
77	org.apache.commons.fileupload2.core.AbstractFileUpload	getItemIterator(org.apache.commons.fileupload2.core.RequestContext)	0	[false]		public	true	/home/nima/Developer/taint-benchmarks/commons-fileupload/commons-fileupload2-core/src/main/java/org/apache/commons/fileupload2/core/AbstractFileUpload.java
78	org.apache.commons.fileupload2.core.AbstractFileUpload	getParsedHeaders(java.lang.String)	0	[false]		public	true	/home/nima/Developer/taint-benchmarks/commons-fileupload/commons-fileupload2-core/src/main/java/org/apache/commons/fileupload2/core/AbstractFileUpload.java
79	org.apache.commons.fileupload2.core.AbstractFileUpload	getProgressListener()	0	[]		public	true	/home/nima/Developer/taint-benchmarks/commons-fileupload/commons-fileupload2-core/src/main/java/org/apache/commons/fileupload2/core/AbstractFileUpload.java
80	org.apache.commons.fileupload2.core.AbstractFileUpload	getSizeMax()	0	[]		public	false	/home/nima/Developer/taint-benchmarks/commons-fileupload/commons-fileupload2-core/src/main/java/org/apache/commons/fileupload2/core/AbstractFileUpload.java
81	org.apache.commons.fileupload2.core.AbstractFileUpload	newFileItemHeaders()	0	[]		protected	true	/home/nima/Developer/taint-benchmarks/commons-fileupload/commons-fileupload2-core/src/main/java/org/apache/commons/fileupload2/core/AbstractFileUpload.java
82	org.apache.commons.fileupload2.core.AbstractFileUpload	parseEndOfLine(java.lang.String,int)	0	[false, false]		private	false	/home/nima/Developer/taint-benchmarks/commons-fileupload/commons-fileupload2-core/src/main/java/org/apache/commons/fileupload2/core/AbstractFileUpload.java
83	org.apache.commons.fileupload2.core.AbstractFileUpload	parseHeaderLine(org.apache.commons.fileupload2.core.FileItemHeaders,java.lang.String)	0	[false, false]		private	false	/home/nima/Developer/taint-benchmarks/commons-fileupload/commons-fileupload2-core/src/main/java/org/apache/commons/fileupload2/core/AbstractFileUpload.java
84	org.apache.commons.fileupload2.core.AbstractFileUpload	parseParameterMap(R)	0	[false]		public	true	/home/nima/Developer/taint-benchmarks/commons-fileupload/commons-fileupload2-core/src/main/java/org/apache/commons/fileupload2/core/AbstractFileUpload.java
85	org.apache.commons.fileupload2.core.AbstractFileUpload	parseParameterMap(org.apache.commons.fileupload2.core.RequestContext)	0	[false]		public	true	/home/nima/Developer/taint-benchmarks/commons-fileupload/commons-fileupload2-core/src/main/java/org/apache/commons/fileupload2/core/AbstractFileUpload.java
86	org.apache.commons.fileupload2.core.AbstractFileUpload	parseRequest(R)	0	[false]		public	true	/home/nima/Developer/taint-benchmarks/commons-fileupload/commons-fileupload2-core/src/main/java/org/apache/commons/fileupload2/core/AbstractFileUpload.java
87	org.apache.commons.fileupload2.core.AbstractFileUpload	parseRequest(org.apache.commons.fileupload2.core.RequestContext)	0	[false]		public	true	/home/nima/Developer/taint-benchmarks/commons-fileupload/commons-fileupload2-core/src/main/java/org/apache/commons/fileupload2/core/AbstractFileUpload.java
88	org.apache.commons.fileupload2.core.AbstractFileUpload	setFileCountMax(long)	0	[false]		public	false	/home/nima/Developer/taint-benchmarks/commons-fileupload/commons-fileupload2-core/src/main/java/org/apache/commons/fileupload2/core/AbstractFileUpload.java
89	org.apache.commons.fileupload2.core.AbstractFileUpload	setFileItemFactory(F)	0	[false]		public	false	/home/nima/Developer/taint-benchmarks/commons-fileupload/commons-fileupload2-core/src/main/java/org/apache/commons/fileupload2/core/AbstractFileUpload.java
90	org.apache.commons.fileupload2.core.AbstractFileUpload	setFileSizeMax(long)	0	[false]		public	false	/home/nima/Developer/taint-benchmarks/commons-fileupload/commons-fileupload2-core/src/main/java/org/apache/commons/fileupload2/core/AbstractFileUpload.java
91	org.apache.commons.fileupload2.core.AbstractFileUpload	setHeaderCharset(java.nio.charset.Charset)	0	[false]		public	false	/home/nima/Developer/taint-benchmarks/commons-fileupload/commons-fileupload2-core/src/main/java/org/apache/commons/fileupload2/core/AbstractFileUpload.java
92	org.apache.commons.fileupload2.core.AbstractFileUpload	setProgressListener(org.apache.commons.fileupload2.core.ProgressListener)	0	[false]		public	false	/home/nima/Developer/taint-benchmarks/commons-fileupload/commons-fileupload2-core/src/main/java/org/apache/commons/fileupload2/core/AbstractFileUpload.java
93	org.apache.commons.fileupload2.core.AbstractFileUpload	setSizeMax(long)	0	[false]		public	false	/home/nima/Developer/taint-benchmarks/commons-fileupload/commons-fileupload2-core/src/main/java/org/apache/commons/fileupload2/core/AbstractFileUpload.java
94	org.apache.commons.fileupload2.core.FileItem	delete()	0	[]		public	true	/home/nima/Developer/taint-benchmarks/commons-fileupload/commons-fileupload2-core/src/main/java/org/apache/commons/fileupload2/core/FileItem.java
95	org.apache.commons.fileupload2.core.FileItem	get()	0	[]		public	true	/home/nima/Developer/taint-benchmarks/commons-fileupload/commons-fileupload2-core/src/main/java/org/apache/commons/fileupload2/core/FileItem.java
96	org.apache.commons.fileupload2.core.FileItem	getContentType()	0	[]		public	true	/home/nima/Developer/taint-benchmarks/commons-fileupload/commons-fileupload2-core/src/main/java/org/apache/commons/fileupload2/core/FileItem.java
97	org.apache.commons.fileupload2.core.FileItem	getFieldName()	0	[]		public	true	/home/nima/Developer/taint-benchmarks/commons-fileupload/commons-fileupload2-core/src/main/java/org/apache/commons/fileupload2/core/FileItem.java
98	org.apache.commons.fileupload2.core.FileItem	getInputStream()	0	[]		public	true	/home/nima/Developer/taint-benchmarks/commons-fileupload/commons-fileupload2-core/src/main/java/org/apache/commons/fileupload2/core/FileItem.java
99	org.apache.commons.fileupload2.core.FileItem	getName()	0	[]		public	true	/home/nima/Developer/taint-benchmarks/commons-fileupload/commons-fileupload2-core/src/main/java/org/apache/commons/fileupload2/core/FileItem.java
100	org.apache.commons.fileupload2.core.FileItem	getOutputStream()	0	[]		public	true	/home/nima/Developer/taint-benchmarks/commons-fileupload/commons-fileupload2-core/src/main/java/org/apache/commons/fileupload2/core/FileItem.java
101	org.apache.commons.fileupload2.core.FileItem	getSize()	0	[]		public	false	/home/nima/Developer/taint-benchmarks/commons-fileupload/commons-fileupload2-core/src/main/java/org/apache/commons/fileupload2/core/FileItem.java
102	org.apache.commons.fileupload2.core.FileItem	getString()	0	[]		public	true	/home/nima/Developer/taint-benchmarks/commons-fileupload/commons-fileupload2-core/src/main/java/org/apache/commons/fileupload2/core/FileItem.java
103	org.apache.commons.fileupload2.core.FileItem	getString(java.nio.charset.Charset)	0	[false]		public	true	/home/nima/Developer/taint-benchmarks/commons-fileupload/commons-fileupload2-core/src/main/java/org/apache/commons/fileupload2/core/FileItem.java
104	org.apache.commons.fileupload2.core.FileItem	isFormField()	0	[]		public	false	/home/nima/Developer/taint-benchmarks/commons-fileupload/commons-fileupload2-core/src/main/java/org/apache/commons/fileupload2/core/FileItem.java
105	org.apache.commons.fileupload2.core.FileItem	isInMemory()	0	[]		public	false	/home/nima/Developer/taint-benchmarks/commons-fileupload/commons-fileupload2-core/src/main/java/org/apache/commons/fileupload2/core/FileItem.java
106	org.apache.commons.fileupload2.core.FileItem	setFieldName(java.lang.String)	0	[false]		public	true	/home/nima/Developer/taint-benchmarks/commons-fileupload/commons-fileupload2-core/src/main/java/org/apache/commons/fileupload2/core/FileItem.java
107	org.apache.commons.fileupload2.core.FileItem	setFormField(boolean)	0	[false]		public	true	/home/nima/Developer/taint-benchmarks/commons-fileupload/commons-fileupload2-core/src/main/java/org/apache/commons/fileupload2/core/FileItem.java
108	org.apache.commons.fileupload2.core.FileItem	write(java.nio.file.Path)	0	[false]		public	true	/home/nima/Developer/taint-benchmarks/commons-fileupload/commons-fileupload2-core/src/main/java/org/apache/commons/fileupload2/core/FileItem.java
109	org.apache.commons.fileupload2.core.RequestContext	getCharacterEncoding()	0	[]		public	true	/home/nima/Developer/taint-benchmarks/commons-fileupload/commons-fileupload2-core/src/main/java/org/apache/commons/fileupload2/core/RequestContext.java
110	org.apache.commons.fileupload2.core.RequestContext	getCharset()	0	[]		public	true	/home/nima/Developer/taint-benchmarks/commons-fileupload/commons-fileupload2-core/src/main/java/org/apache/commons/fileupload2/core/RequestContext.java
111	org.apache.commons.fileupload2.core.RequestContext	getContentLength()	0	[]		public	false	/home/nima/Developer/taint-benchmarks/commons-fileupload/commons-fileupload2-core/src/main/java/org/apache/commons/fileupload2/core/RequestContext.java
112	org.apache.commons.fileupload2.core.RequestContext	getContentType()	0	[]		public	true	/home/nima/Developer/taint-benchmarks/commons-fileupload/commons-fileupload2-core/src/main/java/org/apache/commons/fileupload2/core/RequestContext.java
113	org.apache.commons.fileupload2.core.RequestContext	getInputStream()	0	[]		public	true	/home/nima/Developer/taint-benchmarks/commons-fileupload/commons-fileupload2-core/src/main/java/org/apache/commons/fileupload2/core/RequestContext.java
114	org.apache.commons.fileupload2.core.MultipartInput$Builder	Builder()	0	[]		public	false	/home/nima/Developer/taint-benchmarks/commons-fileupload/commons-fileupload2-core/src/main/java/org/apache/commons/fileupload2/core/MultipartInput.java
115	org.apache.commons.fileupload2.core.MultipartInput$Builder	get()	116	[]	java.lang.Override	public	true	/home/nima/Developer/taint-benchmarks/commons-fileupload/commons-fileupload2-core/src/main/java/org/apache/commons/fileupload2/core/MultipartInput.java
117	org.apache.commons.fileupload2.core.MultipartInput$Builder	setBoundary(byte[])	0	[false]		public	true	/home/nima/Developer/taint-benchmarks/commons-fileupload/commons-fileupload2-core/src/main/java/org/apache/commons/fileupload2/core/MultipartInput.java
118	org.apache.commons.fileupload2.core.MultipartInput$Builder	setProgressNotifier(org.apache.commons.fileupload2.core.MultipartInput.ProgressNotifier)	0	[false]		public	true	/home/nima/Developer/taint-benchmarks/commons-fileupload/commons-fileupload2-core/src/main/java/org/apache/commons/fileupload2/core/MultipartInput.java
119	org.apache.commons.fileupload2.core.MultipartInput$FileUploadBoundaryException	FileUploadBoundaryException(java.lang.String)	0	[false]		public	false	/home/nima/Developer/taint-benchmarks/commons-fileupload/commons-fileupload2-core/src/main/java/org/apache/commons/fileupload2/core/MultipartInput.java
120	org.apache.commons.fileupload2.core.MultipartInput$ItemInputStream	ItemInputStream()	0	[]		package	false	/home/nima/Developer/taint-benchmarks/commons-fileupload/commons-fileupload2-core/src/main/java/org/apache/commons/fileupload2/core/MultipartInput.java
121	org.apache.commons.fileupload2.core.MultipartInput$ItemInputStream	available()	122	[]	java.lang.Override	public	false	/home/nima/Developer/taint-benchmarks/commons-fileupload/commons-fileupload2-core/src/main/java/org/apache/commons/fileupload2/core/MultipartInput.java
123	org.apache.commons.fileupload2.core.MultipartInput$ItemInputStream	checkOpen()	0	[]		private	false	/home/nima/Developer/taint-benchmarks/commons-fileupload/commons-fileupload2-core/src/main/java/org/apache/commons/fileupload2/core/MultipartInput.java
124	org.apache.commons.fileupload2.core.MultipartInput$ItemInputStream	close()	125	[]	java.lang.Override	public	false	/home/nima/Developer/taint-benchmarks/commons-fileupload/commons-fileupload2-core/src/main/java/org/apache/commons/fileupload2/core/MultipartInput.java
126	org.apache.commons.fileupload2.core.MultipartInput$ItemInputStream	close(boolean)	0	[false]		public	false	/home/nima/Developer/taint-benchmarks/commons-fileupload/commons-fileupload2-core/src/main/java/org/apache/commons/fileupload2/core/MultipartInput.java
127	org.apache.commons.fileupload2.core.MultipartInput$ItemInputStream	findSeparator()	0	[]		private	false	/home/nima/Developer/taint-benchmarks/commons-fileupload/commons-fileupload2-core/src/main/java/org/apache/commons/fileupload2/core/MultipartInput.java
128	org.apache.commons.fileupload2.core.MultipartInput$ItemInputStream	getBytesRead()	0	[]		public	false	/home/nima/Developer/taint-benchmarks/commons-fileupload/commons-fileupload2-core/src/main/java/org/apache/commons/fileupload2/core/MultipartInput.java
129	org.apache.commons.fileupload2.core.MultipartInput$ItemInputStream	isClosed()	0	[]		public	false	/home/nima/Developer/taint-benchmarks/commons-fileupload/commons-fileupload2-core/src/main/java/org/apache/commons/fileupload2/core/MultipartInput.java
130	org.apache.commons.fileupload2.core.MultipartInput$ItemInputStream	makeAvailable()	0	[]		private	false	/home/nima/Developer/taint-benchmarks/commons-fileupload/commons-fileupload2-core/src/main/java/org/apache/commons/fileupload2/core/MultipartInput.java
131	org.apache.commons.fileupload2.core.MultipartInput$ItemInputStream	read()	132	[]	java.lang.Override	public	false	/home/nima/Developer/taint-benchmarks/commons-fileupload/commons-fileupload2-core/src/main/java/org/apache/commons/fileupload2/core/MultipartInput.java
133	org.apache.commons.fileupload2.core.MultipartInput$ItemInputStream	read(byte[],int,int)	134	[false, false, false]	java.lang.Override	public	false	/home/nima/Developer/taint-benchmarks/commons-fileupload/commons-fileupload2-core/src/main/java/org/apache/commons/fileupload2/core/MultipartInput.java
135	org.apache.commons.fileupload2.core.MultipartInput$ItemInputStream	skip(long)	136	[false]	java.lang.Override	public	false	/home/nima/Developer/taint-benchmarks/commons-fileupload/commons-fileupload2-core/src/main/java/org/apache/commons/fileupload2/core/MultipartInput.java
137	org.apache.commons.fileupload2.core.MultipartInput$MalformedStreamException	MalformedStreamException(java.lang.String)	0	[false]		public	false	/home/nima/Developer/taint-benchmarks/commons-fileupload/commons-fileupload2-core/src/main/java/org/apache/commons/fileupload2/core/MultipartInput.java
138	org.apache.commons.fileupload2.core.MultipartInput$MalformedStreamException	MalformedStreamException(java.lang.String,java.lang.Throwable)	0	[false, false]		public	false	/home/nima/Developer/taint-benchmarks/commons-fileupload/commons-fileupload2-core/src/main/java/org/apache/commons/fileupload2/core/MultipartInput.java
139	org.apache.commons.fileupload2.core.MultipartInput$ProgressNotifier	ProgressNotifier(org.apache.commons.fileupload2.core.ProgressListener,long)	0	[false, false]		public	false	/home/nima/Developer/taint-benchmarks/commons-fileupload/commons-fileupload2-core/src/main/java/org/apache/commons/fileupload2/core/MultipartInput.java
140	org.apache.commons.fileupload2.core.MultipartInput$ProgressNotifier	noteBytesRead(int)	0	[false]		package	false	/home/nima/Developer/taint-benchmarks/commons-fileupload/commons-fileupload2-core/src/main/java/org/apache/commons/fileupload2/core/MultipartInput.java
141	org.apache.commons.fileupload2.core.MultipartInput$ProgressNotifier	noteItem()	0	[]		public	false	/home/nima/Developer/taint-benchmarks/commons-fileupload/commons-fileupload2-core/src/main/java/org/apache/commons/fileupload2/core/MultipartInput.java
142	org.apache.commons.fileupload2.core.MultipartInput$ProgressNotifier	notifyListener()	0	[]		private	false	/home/nima/Developer/taint-benchmarks/commons-fileupload/commons-fileupload2-core/src/main/java/org/apache/commons/fileupload2/core/MultipartInput.java
143	org.apache.commons.fileupload2.core.MultipartInput	arrayEquals(byte[],byte[],int)	0	[false, false, false]		package	false	/home/nima/Developer/taint-benchmarks/commons-fileupload/commons-fileupload2-core/src/main/java/org/apache/commons/fileupload2/core/MultipartInput.java
144	org.apache.commons.fileupload2.core.MultipartInput	builder()	0	[]		public	true	/home/nima/Developer/taint-benchmarks/commons-fileupload/commons-fileupload2-core/src/main/java/org/apache/commons/fileupload2/core/MultipartInput.java
145	org.apache.commons.fileupload2.core.MultipartInput	MultipartInput(java.io.InputStream,byte[],int,org.apache.commons.fileupload2.core.MultipartInput.ProgressNotifier)	0	[false, false, false, false]		private	false	/home/nima/Developer/taint-benchmarks/commons-fileupload/commons-fileupload2-core/src/main/java/org/apache/commons/fileupload2/core/MultipartInput.java
146	org.apache.commons.fileupload2.core.MultipartInput	computeBoundaryTable()	0	[]		private	false	/home/nima/Developer/taint-benchmarks/commons-fileupload/commons-fileupload2-core/src/main/java/org/apache/commons/fileupload2/core/MultipartInput.java
147	org.apache.commons.fileupload2.core.MultipartInput	discardBodyData()	0	[]		public	false	/home/nima/Developer/taint-benchmarks/commons-fileupload/commons-fileupload2-core/src/main/java/org/apache/commons/fileupload2/core/MultipartInput.java
148	org.apache.commons.fileupload2.core.MultipartInput	findByte(byte,int)	0	[false, false]		protected	false	/home/nima/Developer/taint-benchmarks/commons-fileupload/commons-fileupload2-core/src/main/java/org/apache/commons/fileupload2/core/MultipartInput.java
149	org.apache.commons.fileupload2.core.MultipartInput	findSeparator()	0	[]		protected	false	/home/nima/Developer/taint-benchmarks/commons-fileupload/commons-fileupload2-core/src/main/java/org/apache/commons/fileupload2/core/MultipartInput.java
150	org.apache.commons.fileupload2.core.MultipartInput	getHeaderCharset()	0	[]		public	true	/home/nima/Developer/taint-benchmarks/commons-fileupload/commons-fileupload2-core/src/main/java/org/apache/commons/fileupload2/core/MultipartInput.java
151	org.apache.commons.fileupload2.core.MultipartInput	newInputStream()	0	[]		public	true	/home/nima/Developer/taint-benchmarks/commons-fileupload/commons-fileupload2-core/src/main/java/org/apache/commons/fileupload2/core/MultipartInput.java
152	org.apache.commons.fileupload2.core.MultipartInput	readBodyData(java.io.OutputStream)	0	[false]		public	false	/home/nima/Developer/taint-benchmarks/commons-fileupload/commons-fileupload2-core/src/main/java/org/apache/commons/fileupload2/core/MultipartInput.java
153	org.apache.commons.fileupload2.core.MultipartInput	readBoundary()	0	[]		public	false	/home/nima/Developer/taint-benchmarks/commons-fileupload/commons-fileupload2-core/src/main/java/org/apache/commons/fileupload2/core/MultipartInput.java
154	org.apache.commons.fileupload2.core.MultipartInput	readByte()	0	[]		public	false	/home/nima/Developer/taint-benchmarks/commons-fileupload/commons-fileupload2-core/src/main/java/org/apache/commons/fileupload2/core/MultipartInput.java
155	org.apache.commons.fileupload2.core.MultipartInput	readHeaders()	0	[]		public	true	/home/nima/Developer/taint-benchmarks/commons-fileupload/commons-fileupload2-core/src/main/java/org/apache/commons/fileupload2/core/MultipartInput.java
156	org.apache.commons.fileupload2.core.MultipartInput	setBoundary(byte[])	0	[false]		public	false	/home/nima/Developer/taint-benchmarks/commons-fileupload/commons-fileupload2-core/src/main/java/org/apache/commons/fileupload2/core/MultipartInput.java
157	org.apache.commons.fileupload2.core.MultipartInput	setHeaderCharset(java.nio.charset.Charset)	0	[false]		public	false	/home/nima/Developer/taint-benchmarks/commons-fileupload/commons-fileupload2-core/src/main/java/org/apache/commons/fileupload2/core/MultipartInput.java
158	org.apache.commons.fileupload2.core.MultipartInput	skipPreamble()	0	[]		public	false	/home/nima/Developer/taint-benchmarks/commons-fileupload/commons-fileupload2-core/src/main/java/org/apache/commons/fileupload2/core/MultipartInput.java
159	org.apache.commons.fileupload2.core.FileItemInputImpl	FileItemInputImpl(org.apache.commons.fileupload2.core.FileItemInputIteratorImpl,java.lang.String,java.lang.String,java.lang.String,boolean,long)	0	[false, false, false, false, false, false]		package	false	/home/nima/Developer/taint-benchmarks/commons-fileupload/commons-fileupload2-core/src/main/java/org/apache/commons/fileupload2/core/FileItemInputImpl.java
160	org.apache.commons.fileupload2.core.FileItemInputImpl$1	onMaxLength(long,long)	34	[false, false]	java.lang.Override	protected	false	/home/nima/Developer/taint-benchmarks/commons-fileupload/commons-fileupload2-core/src/main/java/org/apache/commons/fileupload2/core/FileItemInputImpl.java
161	org.apache.commons.fileupload2.core.FileItemInputImpl	close()	0	[]		public	false	/home/nima/Developer/taint-benchmarks/commons-fileupload/commons-fileupload2-core/src/main/java/org/apache/commons/fileupload2/core/FileItemInputImpl.java
162	org.apache.commons.fileupload2.core.FileItemInputImpl	getContentType()	46	[]	java.lang.Override	public	true	/home/nima/Developer/taint-benchmarks/commons-fileupload/commons-fileupload2-core/src/main/java/org/apache/commons/fileupload2/core/FileItemInputImpl.java
163	org.apache.commons.fileupload2.core.FileItemInputImpl	getFieldName()	47	[]	java.lang.Override	public	true	/home/nima/Developer/taint-benchmarks/commons-fileupload/commons-fileupload2-core/src/main/java/org/apache/commons/fileupload2/core/FileItemInputImpl.java
164	org.apache.commons.fileupload2.core.FileItemInputImpl	getHeaders()	20	[]	java.lang.Override	public	true	/home/nima/Developer/taint-benchmarks/commons-fileupload/commons-fileupload2-core/src/main/java/org/apache/commons/fileupload2/core/FileItemInputImpl.java
165	org.apache.commons.fileupload2.core.FileItemInputImpl	getInputStream()	48	[]	java.lang.Override	public	true	/home/nima/Developer/taint-benchmarks/commons-fileupload/commons-fileupload2-core/src/main/java/org/apache/commons/fileupload2/core/FileItemInputImpl.java
166	org.apache.commons.fileupload2.core.FileItemInputImpl	getName()	49	[]	java.lang.Override	public	true	/home/nima/Developer/taint-benchmarks/commons-fileupload/commons-fileupload2-core/src/main/java/org/apache/commons/fileupload2/core/FileItemInputImpl.java
167	org.apache.commons.fileupload2.core.FileItemInputImpl	isFormField()	50	[]	java.lang.Override	public	false	/home/nima/Developer/taint-benchmarks/commons-fileupload/commons-fileupload2-core/src/main/java/org/apache/commons/fileupload2/core/FileItemInputImpl.java
168	org.apache.commons.fileupload2.core.FileItemInputImpl	setHeaders(org.apache.commons.fileupload2.core.FileItemHeaders)	21	[false]	java.lang.Override	public	true	/home/nima/Developer/taint-benchmarks/commons-fileupload/commons-fileupload2-core/src/main/java/org/apache/commons/fileupload2/core/FileItemInputImpl.java
169	org.apache.commons.fileupload2.core.FileUploadFileCountLimitException	FileUploadFileCountLimitException(java.lang.String,long,long)	0	[false, false, false]		public	false	/home/nima/Developer/taint-benchmarks/commons-fileupload/commons-fileupload2-core/src/main/java/org/apache/commons/fileupload2/core/FileUploadFileCountLimitException.java
170	org.apache.commons.fileupload2.core.QuotedPrintableDecoder	decode(byte[],java.io.OutputStream)	0	[false, false]		public	false	/home/nima/Developer/taint-benchmarks/commons-fileupload/commons-fileupload2-core/src/main/java/org/apache/commons/fileupload2/core/QuotedPrintableDecoder.java
171	org.apache.commons.fileupload2.core.QuotedPrintableDecoder	hexToBinary(byte)	0	[false]		private	false	/home/nima/Developer/taint-benchmarks/commons-fileupload/commons-fileupload2-core/src/main/java/org/apache/commons/fileupload2/core/QuotedPrintableDecoder.java
172	org.apache.commons.fileupload2.core.QuotedPrintableDecoder	QuotedPrintableDecoder()	0	[]		private	false	/home/nima/Developer/taint-benchmarks/commons-fileupload/commons-fileupload2-core/src/main/java/org/apache/commons/fileupload2/core/QuotedPrintableDecoder.java
173	org.apache.commons.fileupload2.core.AbstractRequestContext	AbstractRequestContext(java.util.function.Function,java.util.function.LongSupplier,T)	0	[false, false, false]		protected	false	/home/nima/Developer/taint-benchmarks/commons-fileupload/commons-fileupload2-core/src/main/java/org/apache/commons/fileupload2/core/AbstractRequestContext.java
174	org.apache.commons.fileupload2.core.AbstractRequestContext	getContentLength()	111	[]	java.lang.Override	public	false	/home/nima/Developer/taint-benchmarks/commons-fileupload/commons-fileupload2-core/src/main/java/org/apache/commons/fileupload2/core/AbstractRequestContext.java
175	org.apache.commons.fileupload2.core.AbstractRequestContext	getRequest()	0	[]		public	true	/home/nima/Developer/taint-benchmarks/commons-fileupload/commons-fileupload2-core/src/main/java/org/apache/commons/fileupload2/core/AbstractRequestContext.java
176	org.apache.commons.fileupload2.core.AbstractRequestContext	toString()	177	[]	java.lang.Override	public	true	/home/nima/Developer/taint-benchmarks/commons-fileupload/commons-fileupload2-core/src/main/java/org/apache/commons/fileupload2/core/AbstractRequestContext.java
178	org.apache.commons.fileupload2.core.DiskFileItemFactory$Builder	Builder()	0	[]		public	false	/home/nima/Developer/taint-benchmarks/commons-fileupload/commons-fileupload2-core/src/main/java/org/apache/commons/fileupload2/core/DiskFileItemFactory.java
179	org.apache.commons.fileupload2.core.DiskFileItemFactory$Builder	get()	116	[]	java.lang.Override	public	true	/home/nima/Developer/taint-benchmarks/commons-fileupload/commons-fileupload2-core/src/main/java/org/apache/commons/fileupload2/core/DiskFileItemFactory.java
180	org.apache.commons.fileupload2.core.DiskFileItemFactory$Builder	setFileCleaningTracker(org.apache.commons.io.FileCleaningTracker)	0	[false]		public	true	/home/nima/Developer/taint-benchmarks/commons-fileupload/commons-fileupload2-core/src/main/java/org/apache/commons/fileupload2/core/DiskFileItemFactory.java
181	org.apache.commons.fileupload2.core.DiskFileItemFactory	builder()	0	[]		public	true	/home/nima/Developer/taint-benchmarks/commons-fileupload/commons-fileupload2-core/src/main/java/org/apache/commons/fileupload2/core/DiskFileItemFactory.java
182	org.apache.commons.fileupload2.core.DiskFileItemFactory	DiskFileItemFactory(java.nio.file.Path,int,java.nio.charset.Charset,org.apache.commons.io.FileCleaningTracker)	0	[false, false, false, false]		private	false	/home/nima/Developer/taint-benchmarks/commons-fileupload/commons-fileupload2-core/src/main/java/org/apache/commons/fileupload2/core/DiskFileItemFactory.java
183	org.apache.commons.fileupload2.core.DiskFileItemFactory	fileItemBuilder()	65	[]	java.lang.SuppressWarnings,java.lang.Override	public	true	/home/nima/Developer/taint-benchmarks/commons-fileupload/commons-fileupload2-core/src/main/java/org/apache/commons/fileupload2/core/DiskFileItemFactory.java
184	org.apache.commons.fileupload2.core.DiskFileItemFactory	getCharsetDefault()	0	[]		public	true	/home/nima/Developer/taint-benchmarks/commons-fileupload/commons-fileupload2-core/src/main/java/org/apache/commons/fileupload2/core/DiskFileItemFactory.java
185	org.apache.commons.fileupload2.core.DiskFileItemFactory	getFileCleaningTracker()	0	[]		public	true	/home/nima/Developer/taint-benchmarks/commons-fileupload/commons-fileupload2-core/src/main/java/org/apache/commons/fileupload2/core/DiskFileItemFactory.java
186	org.apache.commons.fileupload2.core.DiskFileItemFactory	getRepository()	0	[]		public	true	/home/nima/Developer/taint-benchmarks/commons-fileupload/commons-fileupload2-core/src/main/java/org/apache/commons/fileupload2/core/DiskFileItemFactory.java
187	org.apache.commons.fileupload2.core.DiskFileItemFactory	getThreshold()	0	[]		public	false	/home/nima/Developer/taint-benchmarks/commons-fileupload/commons-fileupload2-core/src/main/java/org/apache/commons/fileupload2/core/DiskFileItemFactory.java
188	org.apache.commons.fileupload2.core.DiskFileItem$Builder	Builder()	0	[]		public	false	/home/nima/Developer/taint-benchmarks/commons-fileupload/commons-fileupload2-core/src/main/java/org/apache/commons/fileupload2/core/DiskFileItem.java
189	org.apache.commons.fileupload2.core.DiskFileItem$Builder	get()	116	[]	java.lang.Override	public	true	/home/nima/Developer/taint-benchmarks/commons-fileupload/commons-fileupload2-core/src/main/java/org/apache/commons/fileupload2/core/DiskFileItem.java
190	org.apache.commons.fileupload2.core.DiskFileItem	builder()	0	[]		public	true	/home/nima/Developer/taint-benchmarks/commons-fileupload/commons-fileupload2-core/src/main/java/org/apache/commons/fileupload2/core/DiskFileItem.java
191	org.apache.commons.fileupload2.core.DiskFileItem	checkFileName(java.lang.String)	0	[false]		public	true	/home/nima/Developer/taint-benchmarks/commons-fileupload/commons-fileupload2-core/src/main/java/org/apache/commons/fileupload2/core/DiskFileItem.java
192	org.apache.commons.fileupload2.core.DiskFileItem	getUniqueId()	0	[]		private	true	/home/nima/Developer/taint-benchmarks/commons-fileupload/commons-fileupload2-core/src/main/java/org/apache/commons/fileupload2/core/DiskFileItem.java
193	org.apache.commons.fileupload2.core.DiskFileItem	DiskFileItem(java.lang.String,java.lang.String,boolean,java.lang.String,int,java.nio.file.Path,org.apache.commons.fileupload2.core.FileItemHeaders,java.nio.charset.Charset)	0	[false, false, false, false, false, false, false, false]		private	false	/home/nima/Developer/taint-benchmarks/commons-fileupload/commons-fileupload2-core/src/main/java/org/apache/commons/fileupload2/core/DiskFileItem.java
194	org.apache.commons.fileupload2.core.DiskFileItem	delete()	94	[]	java.lang.Override	public	true	/home/nima/Developer/taint-benchmarks/commons-fileupload/commons-fileupload2-core/src/main/java/org/apache/commons/fileupload2/core/DiskFileItem.java
195	org.apache.commons.fileupload2.core.DiskFileItem	get()	95	[]	java.lang.Override	public	true	/home/nima/Developer/taint-benchmarks/commons-fileupload/commons-fileupload2-core/src/main/java/org/apache/commons/fileupload2/core/DiskFileItem.java
196	org.apache.commons.fileupload2.core.DiskFileItem	getCharset()	0	[]		public	true	/home/nima/Developer/taint-benchmarks/commons-fileupload/commons-fileupload2-core/src/main/java/org/apache/commons/fileupload2/core/DiskFileItem.java
197	org.apache.commons.fileupload2.core.DiskFileItem	getCharsetDefault()	0	[]		public	true	/home/nima/Developer/taint-benchmarks/commons-fileupload/commons-fileupload2-core/src/main/java/org/apache/commons/fileupload2/core/DiskFileItem.java
198	org.apache.commons.fileupload2.core.DiskFileItem	getContentType()	96	[]	java.lang.Override	public	true	/home/nima/Developer/taint-benchmarks/commons-fileupload/commons-fileupload2-core/src/main/java/org/apache/commons/fileupload2/core/DiskFileItem.java
199	org.apache.commons.fileupload2.core.DiskFileItem	getFieldName()	97	[]	java.lang.Override	public	true	/home/nima/Developer/taint-benchmarks/commons-fileupload/commons-fileupload2-core/src/main/java/org/apache/commons/fileupload2/core/DiskFileItem.java
200	org.apache.commons.fileupload2.core.DiskFileItem	getHeaders()	20	[]	java.lang.Override	public	true	/home/nima/Developer/taint-benchmarks/commons-fileupload/commons-fileupload2-core/src/main/java/org/apache/commons/fileupload2/core/DiskFileItem.java
201	org.apache.commons.fileupload2.core.DiskFileItem	getInputStream()	98	[]	java.lang.Override	public	true	/home/nima/Developer/taint-benchmarks/commons-fileupload/commons-fileupload2-core/src/main/java/org/apache/commons/fileupload2/core/DiskFileItem.java
202	org.apache.commons.fileupload2.core.DiskFileItem	getName()	99	[]	java.lang.Override	public	true	/home/nima/Developer/taint-benchmarks/commons-fileupload/commons-fileupload2-core/src/main/java/org/apache/commons/fileupload2/core/DiskFileItem.java
203	org.apache.commons.fileupload2.core.DiskFileItem	getOutputStream()	100	[]	java.lang.Override	public	true	/home/nima/Developer/taint-benchmarks/commons-fileupload/commons-fileupload2-core/src/main/java/org/apache/commons/fileupload2/core/DiskFileItem.java
204	org.apache.commons.fileupload2.core.DiskFileItem	getPath()	0	[]		public	true	/home/nima/Developer/taint-benchmarks/commons-fileupload/commons-fileupload2-core/src/main/java/org/apache/commons/fileupload2/core/DiskFileItem.java
205	org.apache.commons.fileupload2.core.DiskFileItem	getSize()	101	[]	java.lang.Override	public	false	/home/nima/Developer/taint-benchmarks/commons-fileupload/commons-fileupload2-core/src/main/java/org/apache/commons/fileupload2/core/DiskFileItem.java
206	org.apache.commons.fileupload2.core.DiskFileItem	getString()	102	[]	java.lang.Override	public	true	/home/nima/Developer/taint-benchmarks/commons-fileupload/commons-fileupload2-core/src/main/java/org/apache/commons/fileupload2/core/DiskFileItem.java
207	org.apache.commons.fileupload2.core.DiskFileItem	getString(java.nio.charset.Charset)	103	[false]	java.lang.Override	public	true	/home/nima/Developer/taint-benchmarks/commons-fileupload/commons-fileupload2-core/src/main/java/org/apache/commons/fileupload2/core/DiskFileItem.java
208	org.apache.commons.fileupload2.core.DiskFileItem	getTempFile()	0	[]		protected	true	/home/nima/Developer/taint-benchmarks/commons-fileupload/commons-fileupload2-core/src/main/java/org/apache/commons/fileupload2/core/DiskFileItem.java
209	org.apache.commons.fileupload2.core.DiskFileItem	isFormField()	104	[]	java.lang.Override	public	false	/home/nima/Developer/taint-benchmarks/commons-fileupload/commons-fileupload2-core/src/main/java/org/apache/commons/fileupload2/core/DiskFileItem.java
210	org.apache.commons.fileupload2.core.DiskFileItem	isInMemory()	105	[]	java.lang.Override	public	false	/home/nima/Developer/taint-benchmarks/commons-fileupload/commons-fileupload2-core/src/main/java/org/apache/commons/fileupload2/core/DiskFileItem.java
211	org.apache.commons.fileupload2.core.DiskFileItem	setCharsetDefault(java.nio.charset.Charset)	0	[false]		public	true	/home/nima/Developer/taint-benchmarks/commons-fileupload/commons-fileupload2-core/src/main/java/org/apache/commons/fileupload2/core/DiskFileItem.java
212	org.apache.commons.fileupload2.core.DiskFileItem	setFieldName(java.lang.String)	106	[false]	java.lang.Override	public	true	/home/nima/Developer/taint-benchmarks/commons-fileupload/commons-fileupload2-core/src/main/java/org/apache/commons/fileupload2/core/DiskFileItem.java
213	org.apache.commons.fileupload2.core.DiskFileItem	setFormField(boolean)	107	[false]	java.lang.Override	public	true	/home/nima/Developer/taint-benchmarks/commons-fileupload/commons-fileupload2-core/src/main/java/org/apache/commons/fileupload2/core/DiskFileItem.java
214	org.apache.commons.fileupload2.core.DiskFileItem	setHeaders(org.apache.commons.fileupload2.core.FileItemHeaders)	21	[false]	java.lang.Override	public	true	/home/nima/Developer/taint-benchmarks/commons-fileupload/commons-fileupload2-core/src/main/java/org/apache/commons/fileupload2/core/DiskFileItem.java
215	org.apache.commons.fileupload2.core.DiskFileItem	toString()	177	[]	java.lang.Override	public	true	/home/nima/Developer/taint-benchmarks/commons-fileupload/commons-fileupload2-core/src/main/java/org/apache/commons/fileupload2/core/DiskFileItem.java
216	org.apache.commons.fileupload2.core.DiskFileItem	write(java.nio.file.Path)	108	[false]	java.lang.Override	public	true	/home/nima/Developer/taint-benchmarks/commons-fileupload/commons-fileupload2-core/src/main/java/org/apache/commons/fileupload2/core/DiskFileItem.java
217	org.apache.commons.fileupload2.core.FileUploadContentTypeException	FileUploadContentTypeException(java.lang.String,java.lang.String)	0	[false, false]		public	false	/home/nima/Developer/taint-benchmarks/commons-fileupload/commons-fileupload2-core/src/main/java/org/apache/commons/fileupload2/core/FileUploadContentTypeException.java
218	org.apache.commons.fileupload2.core.FileUploadContentTypeException	FileUploadContentTypeException(java.lang.String,java.lang.Throwable)	0	[false, false]		public	false	/home/nima/Developer/taint-benchmarks/commons-fileupload/commons-fileupload2-core/src/main/java/org/apache/commons/fileupload2/core/FileUploadContentTypeException.java
219	org.apache.commons.fileupload2.core.FileUploadContentTypeException	getContentType()	0	[]		public	true	/home/nima/Developer/taint-benchmarks/commons-fileupload/commons-fileupload2-core/src/main/java/org/apache/commons/fileupload2/core/FileUploadContentTypeException.java
220	org.apache.commons.fileupload2.core.MimeUtils	decodeText(java.lang.String)	0	[false]		package	true	/home/nima/Developer/taint-benchmarks/commons-fileupload/commons-fileupload2-core/src/main/java/org/apache/commons/fileupload2/core/MimeUtils.java
221	org.apache.commons.fileupload2.core.MimeUtils	decodeWord(java.lang.String)	0	[false]		private	true	/home/nima/Developer/taint-benchmarks/commons-fileupload/commons-fileupload2-core/src/main/java/org/apache/commons/fileupload2/core/MimeUtils.java
222	org.apache.commons.fileupload2.core.MimeUtils	javaCharset(java.lang.String)	0	[false]		private	true	/home/nima/Developer/taint-benchmarks/commons-fileupload/commons-fileupload2-core/src/main/java/org/apache/commons/fileupload2/core/MimeUtils.java
223	org.apache.commons.fileupload2.core.MimeUtils	MimeUtils()	0	[]		private	false	/home/nima/Developer/taint-benchmarks/commons-fileupload/commons-fileupload2-core/src/main/java/org/apache/commons/fileupload2/core/MimeUtils.java
224	org.apache.commons.fileupload2.core.RFC2231Utils	decodeText(java.lang.String)	0	[false]		package	true	/home/nima/Developer/taint-benchmarks/commons-fileupload/commons-fileupload2-core/src/main/java/org/apache/commons/fileupload2/core/RFC2231Utils.java
225	org.apache.commons.fileupload2.core.RFC2231Utils	fromHex(java.lang.String)	0	[false]		private	true	/home/nima/Developer/taint-benchmarks/commons-fileupload/commons-fileupload2-core/src/main/java/org/apache/commons/fileupload2/core/RFC2231Utils.java
226	org.apache.commons.fileupload2.core.RFC2231Utils	getJavaCharset(java.lang.String)	0	[false]		private	true	/home/nima/Developer/taint-benchmarks/commons-fileupload/commons-fileupload2-core/src/main/java/org/apache/commons/fileupload2/core/RFC2231Utils.java
227	org.apache.commons.fileupload2.core.RFC2231Utils	hasEncodedValue(java.lang.String)	0	[false]		package	false	/home/nima/Developer/taint-benchmarks/commons-fileupload/commons-fileupload2-core/src/main/java/org/apache/commons/fileupload2/core/RFC2231Utils.java
228	org.apache.commons.fileupload2.core.RFC2231Utils	stripDelimiter(java.lang.String)	0	[false]		package	true	/home/nima/Developer/taint-benchmarks/commons-fileupload/commons-fileupload2-core/src/main/java/org/apache/commons/fileupload2/core/RFC2231Utils.java
229	org.apache.commons.fileupload2.core.RFC2231Utils	RFC2231Utils()	0	[]		private	false	/home/nima/Developer/taint-benchmarks/commons-fileupload/commons-fileupload2-core/src/main/java/org/apache/commons/fileupload2/core/RFC2231Utils.java
230	org.apache.commons.fileupload2.core.ParameterParser	ParameterParser()	0	[]		public	false	/home/nima/Developer/taint-benchmarks/commons-fileupload/commons-fileupload2-core/src/main/java/org/apache/commons/fileupload2/core/ParameterParser.java
231	org.apache.commons.fileupload2.core.ParameterParser	getToken(boolean)	0	[false]		private	true	/home/nima/Developer/taint-benchmarks/commons-fileupload/commons-fileupload2-core/src/main/java/org/apache/commons/fileupload2/core/ParameterParser.java
232	org.apache.commons.fileupload2.core.ParameterParser	hasChar()	0	[]		private	false	/home/nima/Developer/taint-benchmarks/commons-fileupload/commons-fileupload2-core/src/main/java/org/apache/commons/fileupload2/core/ParameterParser.java
233	org.apache.commons.fileupload2.core.ParameterParser	isLowerCaseNames()	0	[]		public	false	/home/nima/Developer/taint-benchmarks/commons-fileupload/commons-fileupload2-core/src/main/java/org/apache/commons/fileupload2/core/ParameterParser.java
234	org.apache.commons.fileupload2.core.ParameterParser	isOneOf(char,char[])	0	[false, false]		private	false	/home/nima/Developer/taint-benchmarks/commons-fileupload/commons-fileupload2-core/src/main/java/org/apache/commons/fileupload2/core/ParameterParser.java
235	org.apache.commons.fileupload2.core.ParameterParser	parse(char[],char)	0	[false, false]		public	true	/home/nima/Developer/taint-benchmarks/commons-fileupload/commons-fileupload2-core/src/main/java/org/apache/commons/fileupload2/core/ParameterParser.java
236	org.apache.commons.fileupload2.core.ParameterParser	parse(char[],int,int,char)	0	[false, false, false, false]		public	true	/home/nima/Developer/taint-benchmarks/commons-fileupload/commons-fileupload2-core/src/main/java/org/apache/commons/fileupload2/core/ParameterParser.java
237	org.apache.commons.fileupload2.core.ParameterParser	parse(java.lang.String,char)	0	[false, false]		public	true	/home/nima/Developer/taint-benchmarks/commons-fileupload/commons-fileupload2-core/src/main/java/org/apache/commons/fileupload2/core/ParameterParser.java
238	org.apache.commons.fileupload2.core.ParameterParser	parse(java.lang.String,char[])	0	[false, false]		public	true	/home/nima/Developer/taint-benchmarks/commons-fileupload/commons-fileupload2-core/src/main/java/org/apache/commons/fileupload2/core/ParameterParser.java
239	org.apache.commons.fileupload2.core.ParameterParser	parseQuotedToken(char[])	0	[false]		private	true	/home/nima/Developer/taint-benchmarks/commons-fileupload/commons-fileupload2-core/src/main/java/org/apache/commons/fileupload2/core/ParameterParser.java
240	org.apache.commons.fileupload2.core.ParameterParser	parseToken(char[])	0	[false]		private	true	/home/nima/Developer/taint-benchmarks/commons-fileupload/commons-fileupload2-core/src/main/java/org/apache/commons/fileupload2/core/ParameterParser.java
241	org.apache.commons.fileupload2.core.ParameterParser	setLowerCaseNames(boolean)	0	[false]		public	false	/home/nima/Developer/taint-benchmarks/commons-fileupload/commons-fileupload2-core/src/main/java/org/apache/commons/fileupload2/core/ParameterParser.java
