REGION_CLASS	REGION_MEMBER	USED_MEMBER	USED_CLASS	SOURCE_TYPE
org.apache.commons.fileupload2.core.ProgressListener	NOP	update(long,long,int)	org.apache.commons.fileupload2.core.ProgressListener	SOURCE
org.apache.commons.fileupload2.core.FileUploadByteCountLimitException	FileUploadByteCountLimitException(java.lang.String,long,long,java.lang.String,java.lang.String)	FileUploadSizeException(java.lang.String,long,long)	org.apache.commons.fileupload2.core.FileUploadSizeException	SOURCE
org.apache.commons.fileupload2.core.FileUploadSizeException	FileUploadSizeException(java.lang.String,long,long)	FileUploadException(java.lang.String)	org.apache.commons.fileupload2.core.FileUploadException	SOURCE
org.apache.commons.fileupload2.core.FileUploadException	FileUploadException(java.lang.String)	IOException(java.lang.String)	java.io.IOException	SOURCE
org.apache.commons.fileupload2.core.FileUploadException	FileUploadException(java.lang.String,java.lang.Throwable)	IOException(java.lang.String,java.lang.Throwable)	java.io.IOException	SOURCE
org.apache.commons.fileupload2.core.FileItemHeadersImpl	headerNameToValueListMap	LinkedHashMap()	java.util.LinkedHashMap	SOURCE
org.apache.commons.fileupload2.core.FileItemHeadersImpl	addHeader(java.lang.String,java.lang.String)	add(E)	java.util.List	SOURCE
org.apache.commons.fileupload2.core.FileItemHeadersImpl	addHeader(java.lang.String,java.lang.String)	computeIfAbsent(K,java.util.function.Function)	java.util.Map	SOURCE
org.apache.commons.fileupload2.core.FileItemHeadersImpl	addHeader(java.lang.String,java.lang.String)	toLowerCase(java.lang.String)	org.apache.commons.fileupload2.core.FileItemHeadersImpl	SOURCE
org.apache.commons.fileupload2.core.FileItemHeadersImpl	addHeader(java.lang.String,java.lang.String)	apply(T)	java.util.function.Function	SOURCE
org.apache.commons.fileupload2.core.FileItemHeadersImpl	addHeader(java.lang.String,java.lang.String)	ArrayList()	java.util.ArrayList	SOURCE
org.apache.commons.fileupload2.core.FileItemHeadersImpl	getHeader(java.lang.String)	getList(java.lang.String)	org.apache.commons.fileupload2.core.FileItemHeadersImpl	SOURCE
org.apache.commons.fileupload2.core.FileItemHeadersImpl	getHeader(java.lang.String)	get(int)	java.util.List	SOURCE
org.apache.commons.fileupload2.core.FileItemHeadersImpl	getHeaderNames()	iterator()	java.util.Set	SOURCE
org.apache.commons.fileupload2.core.FileItemHeadersImpl	getHeaderNames()	keySet()	java.util.Map	SOURCE
org.apache.commons.fileupload2.core.FileItemHeadersImpl	getHeaders(java.lang.String)	getList(java.lang.String)	org.apache.commons.fileupload2.core.FileItemHeadersImpl	SOURCE
org.apache.commons.fileupload2.core.FileItemHeadersImpl	getHeaders(java.lang.String)	emptyList()	java.util.Collections	SOURCE
org.apache.commons.fileupload2.core.FileItemHeadersImpl	getHeaders(java.lang.String)	iterator()	java.util.List	SOURCE
org.apache.commons.fileupload2.core.FileItemHeadersImpl	getList(java.lang.String)	get(java.lang.Object)	java.util.Map	SOURCE
org.apache.commons.fileupload2.core.FileItemHeadersImpl	getList(java.lang.String)	toLowerCase(java.lang.String)	org.apache.commons.fileupload2.core.FileItemHeadersImpl	SOURCE
org.apache.commons.fileupload2.core.FileItemHeadersImpl	toLowerCase(java.lang.String)	toLowerCase(java.util.Locale)	java.lang.String	SOURCE
org.apache.commons.fileupload2.core.FileItemInputIteratorImpl	FileItemInputIteratorImpl(org.apache.commons.fileupload2.core.AbstractFileUpload,org.apache.commons.fileupload2.core.RequestContext)	Object()	java.lang.Object	SOURCE
org.apache.commons.fileupload2.core.FileItemInputIteratorImpl	FileItemInputIteratorImpl(org.apache.commons.fileupload2.core.AbstractFileUpload,org.apache.commons.fileupload2.core.RequestContext)	getSizeMax()	org.apache.commons.fileupload2.core.AbstractFileUpload	SOURCE
org.apache.commons.fileupload2.core.FileItemInputIteratorImpl	FileItemInputIteratorImpl(org.apache.commons.fileupload2.core.AbstractFileUpload,org.apache.commons.fileupload2.core.RequestContext)	getFileSizeMax()	org.apache.commons.fileupload2.core.AbstractFileUpload	SOURCE
org.apache.commons.fileupload2.core.FileItemInputIteratorImpl	FileItemInputIteratorImpl(org.apache.commons.fileupload2.core.AbstractFileUpload,org.apache.commons.fileupload2.core.RequestContext)	requireNonNull(T,java.lang.String)	java.util.Objects	SOURCE
org.apache.commons.fileupload2.core.FileItemInputIteratorImpl	FileItemInputIteratorImpl(org.apache.commons.fileupload2.core.AbstractFileUpload,org.apache.commons.fileupload2.core.RequestContext)	findNextItem()	org.apache.commons.fileupload2.core.FileItemInputIteratorImpl	SOURCE
org.apache.commons.fileupload2.core.FileItemInputIteratorImpl	findNextItem()	close()	org.apache.commons.fileupload2.core.FileItemInputImpl	SOURCE
org.apache.commons.fileupload2.core.FileItemInputIteratorImpl	findNextItem()	getMultiPartInput()	org.apache.commons.fileupload2.core.FileItemInputIteratorImpl	SOURCE
org.apache.commons.fileupload2.core.FileItemInputIteratorImpl	findNextItem()	skipPreamble()	org.apache.commons.fileupload2.core.MultipartInput	SOURCE
org.apache.commons.fileupload2.core.FileItemInputIteratorImpl	findNextItem()	readBoundary()	org.apache.commons.fileupload2.core.MultipartInput	SOURCE
org.apache.commons.fileupload2.core.FileItemInputIteratorImpl	findNextItem()	setBoundary(byte[])	org.apache.commons.fileupload2.core.MultipartInput	SOURCE
org.apache.commons.fileupload2.core.FileItemInputIteratorImpl	findNextItem()	getParsedHeaders(java.lang.String)	org.apache.commons.fileupload2.core.AbstractFileUpload	SOURCE
org.apache.commons.fileupload2.core.FileItemInputIteratorImpl	findNextItem()	readHeaders()	org.apache.commons.fileupload2.core.MultipartInput	SOURCE
org.apache.commons.fileupload2.core.FileItemInputIteratorImpl	findNextItem()	getFieldName(org.apache.commons.fileupload2.core.FileItemHeaders)	org.apache.commons.fileupload2.core.AbstractFileUpload	SOURCE
org.apache.commons.fileupload2.core.FileItemInputIteratorImpl	findNextItem()	getHeader(java.lang.String)	org.apache.commons.fileupload2.core.FileItemHeaders	SOURCE
org.apache.commons.fileupload2.core.FileItemInputIteratorImpl	findNextItem()	startsWith(java.lang.String)	java.lang.String	SOURCE
org.apache.commons.fileupload2.core.FileItemInputIteratorImpl	findNextItem()	toLowerCase(java.util.Locale)	java.lang.String	SOURCE
org.apache.commons.fileupload2.core.FileItemInputIteratorImpl	findNextItem()	getBoundary(java.lang.String)	org.apache.commons.fileupload2.core.AbstractFileUpload	SOURCE
org.apache.commons.fileupload2.core.FileItemInputIteratorImpl	findNextItem()	setBoundary(byte[])	org.apache.commons.fileupload2.core.MultipartInput	SOURCE
org.apache.commons.fileupload2.core.FileItemInputIteratorImpl	findNextItem()	getFileName(org.apache.commons.fileupload2.core.FileItemHeaders)	org.apache.commons.fileupload2.core.AbstractFileUpload	SOURCE
org.apache.commons.fileupload2.core.FileItemInputIteratorImpl	findNextItem()	FileItemInputImpl(org.apache.commons.fileupload2.core.FileItemInputIteratorImpl,java.lang.String,java.lang.String,java.lang.String,boolean,long)	org.apache.commons.fileupload2.core.FileItemInputImpl	SOURCE
org.apache.commons.fileupload2.core.FileItemInputIteratorImpl	findNextItem()	getHeader(java.lang.String)	org.apache.commons.fileupload2.core.FileItemHeaders	SOURCE
org.apache.commons.fileupload2.core.FileItemInputIteratorImpl	findNextItem()	getContentLength(org.apache.commons.fileupload2.core.FileItemHeaders)	org.apache.commons.fileupload2.core.FileItemInputIteratorImpl	SOURCE
org.apache.commons.fileupload2.core.FileItemInputIteratorImpl	findNextItem()	setHeaders(org.apache.commons.fileupload2.core.FileItemHeaders)	org.apache.commons.fileupload2.core.FileItemInputImpl	SOURCE
org.apache.commons.fileupload2.core.FileItemInputIteratorImpl	findNextItem()	noteItem()	org.apache.commons.fileupload2.core.MultipartInput$ProgressNotifier	SOURCE
org.apache.commons.fileupload2.core.FileItemInputIteratorImpl	findNextItem()	getFileName(org.apache.commons.fileupload2.core.FileItemHeaders)	org.apache.commons.fileupload2.core.AbstractFileUpload	SOURCE
org.apache.commons.fileupload2.core.FileItemInputIteratorImpl	findNextItem()	FileItemInputImpl(org.apache.commons.fileupload2.core.FileItemInputIteratorImpl,java.lang.String,java.lang.String,java.lang.String,boolean,long)	org.apache.commons.fileupload2.core.FileItemInputImpl	SOURCE
org.apache.commons.fileupload2.core.FileItemInputIteratorImpl	findNextItem()	getHeader(java.lang.String)	org.apache.commons.fileupload2.core.FileItemHeaders	SOURCE
org.apache.commons.fileupload2.core.FileItemInputIteratorImpl	findNextItem()	getContentLength(org.apache.commons.fileupload2.core.FileItemHeaders)	org.apache.commons.fileupload2.core.FileItemInputIteratorImpl	SOURCE
org.apache.commons.fileupload2.core.FileItemInputIteratorImpl	findNextItem()	setHeaders(org.apache.commons.fileupload2.core.FileItemHeaders)	org.apache.commons.fileupload2.core.FileItemInputImpl	SOURCE
org.apache.commons.fileupload2.core.FileItemInputIteratorImpl	findNextItem()	noteItem()	org.apache.commons.fileupload2.core.MultipartInput$ProgressNotifier	SOURCE
org.apache.commons.fileupload2.core.FileItemInputIteratorImpl	findNextItem()	discardBodyData()	org.apache.commons.fileupload2.core.MultipartInput	SOURCE
org.apache.commons.fileupload2.core.FileItemInputIteratorImpl	getContentLength(org.apache.commons.fileupload2.core.FileItemHeaders)	parseLong(java.lang.String)	java.lang.Long	SOURCE
org.apache.commons.fileupload2.core.FileItemInputIteratorImpl	getContentLength(org.apache.commons.fileupload2.core.FileItemHeaders)	getHeader(java.lang.String)	org.apache.commons.fileupload2.core.FileItemHeaders	SOURCE
org.apache.commons.fileupload2.core.FileItemInputIteratorImpl	getMultiPartInput()	init(org.apache.commons.fileupload2.core.AbstractFileUpload,org.apache.commons.fileupload2.core.RequestContext)	org.apache.commons.fileupload2.core.FileItemInputIteratorImpl	SOURCE
org.apache.commons.fileupload2.core.FileItemInputIteratorImpl	hasNext()	findNextItem()	org.apache.commons.fileupload2.core.FileItemInputIteratorImpl	SOURCE
org.apache.commons.fileupload2.core.FileItemInputIteratorImpl	init(org.apache.commons.fileupload2.core.AbstractFileUpload,org.apache.commons.fileupload2.core.RequestContext)	getContentType()	org.apache.commons.fileupload2.core.RequestContext	SOURCE
org.apache.commons.fileupload2.core.FileItemInputIteratorImpl	init(org.apache.commons.fileupload2.core.AbstractFileUpload,org.apache.commons.fileupload2.core.RequestContext)	startsWith(java.lang.String)	java.lang.String	SOURCE
org.apache.commons.fileupload2.core.FileItemInputIteratorImpl	init(org.apache.commons.fileupload2.core.AbstractFileUpload,org.apache.commons.fileupload2.core.RequestContext)	toLowerCase(java.util.Locale)	java.lang.String	SOURCE
org.apache.commons.fileupload2.core.FileItemInputIteratorImpl	init(org.apache.commons.fileupload2.core.AbstractFileUpload,org.apache.commons.fileupload2.core.RequestContext)	FileUploadContentTypeException(java.lang.String,java.lang.String)	org.apache.commons.fileupload2.core.FileUploadContentTypeException	SOURCE
org.apache.commons.fileupload2.core.FileItemInputIteratorImpl	init(org.apache.commons.fileupload2.core.AbstractFileUpload,org.apache.commons.fileupload2.core.RequestContext)	format(java.lang.String,java.lang.Object[])	java.lang.String	SOURCE
org.apache.commons.fileupload2.core.FileItemInputIteratorImpl	init(org.apache.commons.fileupload2.core.AbstractFileUpload,org.apache.commons.fileupload2.core.RequestContext)	getContentLength()	org.apache.commons.fileupload2.core.RequestContext	SOURCE
org.apache.commons.fileupload2.core.FileItemInputIteratorImpl	init(org.apache.commons.fileupload2.core.AbstractFileUpload,org.apache.commons.fileupload2.core.RequestContext)	isAssignableFrom(java.lang.Class)	java.lang.Class	SOURCE
org.apache.commons.fileupload2.core.FileItemInputIteratorImpl	init(org.apache.commons.fileupload2.core.AbstractFileUpload,org.apache.commons.fileupload2.core.RequestContext)	getClass()	java.lang.Object	SOURCE
org.apache.commons.fileupload2.core.FileItemInputIteratorImpl	init(org.apache.commons.fileupload2.core.AbstractFileUpload,org.apache.commons.fileupload2.core.RequestContext)	getContentLength()	org.apache.commons.fileupload2.core.RequestContext	SOURCE
org.apache.commons.fileupload2.core.FileItemInputIteratorImpl	init(org.apache.commons.fileupload2.core.AbstractFileUpload,org.apache.commons.fileupload2.core.RequestContext)	FileUploadSizeException(java.lang.String,long,long)	org.apache.commons.fileupload2.core.FileUploadSizeException	SOURCE
org.apache.commons.fileupload2.core.FileItemInputIteratorImpl	init(org.apache.commons.fileupload2.core.AbstractFileUpload,org.apache.commons.fileupload2.core.RequestContext)	format(java.lang.String,java.lang.Object[])	java.lang.String	SOURCE
org.apache.commons.fileupload2.core.FileItemInputIteratorImpl	init(org.apache.commons.fileupload2.core.AbstractFileUpload,org.apache.commons.fileupload2.core.RequestContext)	getInputStream()	org.apache.commons.fileupload2.core.RequestContext	SOURCE
org.apache.commons.fileupload2.core.FileItemInputIteratorImpl$1	onMaxLength(long,long)	FileUploadSizeException(java.lang.String,long,long)	org.apache.commons.fileupload2.core.FileUploadSizeException	SOURCE
org.apache.commons.fileupload2.core.FileItemInputIteratorImpl$1	onMaxLength(long,long)	format(java.lang.String,java.lang.Object[])	java.lang.String	SOURCE
org.apache.commons.fileupload2.core.FileItemInputIteratorImpl	init(org.apache.commons.fileupload2.core.AbstractFileUpload,org.apache.commons.fileupload2.core.RequestContext)	getInputStream()	org.apache.commons.fileupload2.core.RequestContext	SOURCE
org.apache.commons.fileupload2.core.FileItemInputIteratorImpl	init(org.apache.commons.fileupload2.core.AbstractFileUpload,org.apache.commons.fileupload2.core.RequestContext)	toCharset(java.nio.charset.Charset,java.nio.charset.Charset)	org.apache.commons.io.Charsets	SOURCE
org.apache.commons.fileupload2.core.FileItemInputIteratorImpl	init(org.apache.commons.fileupload2.core.AbstractFileUpload,org.apache.commons.fileupload2.core.RequestContext)	getHeaderCharset()	org.apache.commons.fileupload2.core.AbstractFileUpload	SOURCE
org.apache.commons.fileupload2.core.FileItemInputIteratorImpl	init(org.apache.commons.fileupload2.core.AbstractFileUpload,org.apache.commons.fileupload2.core.RequestContext)	getCharset()	org.apache.commons.fileupload2.core.RequestContext	SOURCE
org.apache.commons.fileupload2.core.FileItemInputIteratorImpl	init(org.apache.commons.fileupload2.core.AbstractFileUpload,org.apache.commons.fileupload2.core.RequestContext)	getBoundary(java.lang.String)	org.apache.commons.fileupload2.core.AbstractFileUpload	SOURCE
org.apache.commons.fileupload2.core.FileItemInputIteratorImpl	init(org.apache.commons.fileupload2.core.AbstractFileUpload,org.apache.commons.fileupload2.core.RequestContext)	closeQuietly(java.io.InputStream)	org.apache.commons.io.IOUtils	SOURCE
org.apache.commons.fileupload2.core.FileItemInputIteratorImpl	init(org.apache.commons.fileupload2.core.AbstractFileUpload,org.apache.commons.fileupload2.core.RequestContext)	FileUploadException(java.lang.String)	org.apache.commons.fileupload2.core.FileUploadException	SOURCE
org.apache.commons.fileupload2.core.FileItemInputIteratorImpl	init(org.apache.commons.fileupload2.core.AbstractFileUpload,org.apache.commons.fileupload2.core.RequestContext)	ProgressNotifier(org.apache.commons.fileupload2.core.ProgressListener,long)	org.apache.commons.fileupload2.core.MultipartInput$ProgressNotifier	SOURCE
org.apache.commons.fileupload2.core.FileItemInputIteratorImpl	init(org.apache.commons.fileupload2.core.AbstractFileUpload,org.apache.commons.fileupload2.core.RequestContext)	getProgressListener()	org.apache.commons.fileupload2.core.AbstractFileUpload	SOURCE
org.apache.commons.fileupload2.core.FileItemInputIteratorImpl	init(org.apache.commons.fileupload2.core.AbstractFileUpload,org.apache.commons.fileupload2.core.RequestContext)	get()	org.apache.commons.fileupload2.core.MultipartInput$Builder	SOURCE
org.apache.commons.fileupload2.core.FileItemInputIteratorImpl	init(org.apache.commons.fileupload2.core.AbstractFileUpload,org.apache.commons.fileupload2.core.RequestContext)	setProgressNotifier(org.apache.commons.fileupload2.core.MultipartInput.ProgressNotifier)	org.apache.commons.fileupload2.core.MultipartInput$Builder	SOURCE
org.apache.commons.fileupload2.core.FileItemInputIteratorImpl	init(org.apache.commons.fileupload2.core.AbstractFileUpload,org.apache.commons.fileupload2.core.RequestContext)	setBoundary(byte[])	org.apache.commons.fileupload2.core.MultipartInput$Builder	SOURCE
org.apache.commons.fileupload2.core.FileItemInputIteratorImpl	init(org.apache.commons.fileupload2.core.AbstractFileUpload,org.apache.commons.fileupload2.core.RequestContext)	setInputStream(java.io.InputStream)	org.apache.commons.io.build.AbstractOriginSupplier	SOURCE
org.apache.commons.fileupload2.core.FileItemInputIteratorImpl	init(org.apache.commons.fileupload2.core.AbstractFileUpload,org.apache.commons.fileupload2.core.RequestContext)	builder()	org.apache.commons.fileupload2.core.MultipartInput	SOURCE
org.apache.commons.fileupload2.core.FileItemInputIteratorImpl	init(org.apache.commons.fileupload2.core.AbstractFileUpload,org.apache.commons.fileupload2.core.RequestContext)	closeQuietly(java.io.InputStream)	org.apache.commons.io.IOUtils	SOURCE
org.apache.commons.fileupload2.core.FileItemInputIteratorImpl	init(org.apache.commons.fileupload2.core.AbstractFileUpload,org.apache.commons.fileupload2.core.RequestContext)	FileUploadContentTypeException(java.lang.String,java.lang.Throwable)	org.apache.commons.fileupload2.core.FileUploadContentTypeException	SOURCE
org.apache.commons.fileupload2.core.FileItemInputIteratorImpl	init(org.apache.commons.fileupload2.core.AbstractFileUpload,org.apache.commons.fileupload2.core.RequestContext)	format(java.lang.String,java.lang.Object[])	java.lang.String	SOURCE
org.apache.commons.fileupload2.core.FileItemInputIteratorImpl	init(org.apache.commons.fileupload2.core.AbstractFileUpload,org.apache.commons.fileupload2.core.RequestContext)	setHeaderCharset(java.nio.charset.Charset)	org.apache.commons.fileupload2.core.MultipartInput	SOURCE
org.apache.commons.fileupload2.core.FileItemInputIteratorImpl	next()	hasNext()	org.apache.commons.fileupload2.core.FileItemInputIteratorImpl	SOURCE
org.apache.commons.fileupload2.core.FileItemInputIteratorImpl	next()	NoSuchElementException()	java.util.NoSuchElementException	SOURCE
org.apache.commons.fileupload2.core.FileItemInput$ItemSkippedException	ItemSkippedException(java.lang.String)	FileUploadException(java.lang.String)	org.apache.commons.fileupload2.core.FileUploadException	SOURCE
org.apache.commons.fileupload2.core.FileItemFactory$AbstractFileItemBuilder	newFileItemHeaders()	FileItemHeadersImpl()	org.apache.commons.fileupload2.core.FileItemHeadersImpl	SOURCE
org.apache.commons.fileupload2.core.FileItemFactory$AbstractFileItemBuilder	fileItemHeaders	newFileItemHeaders()	org.apache.commons.fileupload2.core.FileItemFactory$AbstractFileItemBuilder	SOURCE
org.apache.commons.fileupload2.core.FileItemFactory$AbstractFileItemBuilder	AbstractFileItemBuilder()	AbstractStreamBuilder()	org.apache.commons.io.build.AbstractStreamBuilder	SOURCE
org.apache.commons.fileupload2.core.FileItemFactory$AbstractFileItemBuilder	AbstractFileItemBuilder()	setBufferSize(int)	org.apache.commons.io.build.AbstractStreamBuilder	SOURCE
org.apache.commons.fileupload2.core.FileItemFactory$AbstractFileItemBuilder	AbstractFileItemBuilder()	setPath(java.nio.file.Path)	org.apache.commons.io.build.AbstractOriginSupplier	SOURCE
org.apache.commons.fileupload2.core.FileItemFactory$AbstractFileItemBuilder	AbstractFileItemBuilder()	getTempDirectory()	org.apache.commons.io.file.PathUtils	SOURCE
org.apache.commons.fileupload2.core.FileItemFactory$AbstractFileItemBuilder	setContentType(java.lang.String)	asThis()	org.apache.commons.io.build.AbstractSupplier	SOURCE
org.apache.commons.fileupload2.core.FileItemFactory$AbstractFileItemBuilder	setFieldName(java.lang.String)	asThis()	org.apache.commons.io.build.AbstractSupplier	SOURCE
org.apache.commons.fileupload2.core.FileItemFactory$AbstractFileItemBuilder	setFileCleaningTracker(org.apache.commons.io.FileCleaningTracker)	asThis()	org.apache.commons.io.build.AbstractSupplier	SOURCE
org.apache.commons.fileupload2.core.FileItemFactory$AbstractFileItemBuilder	setFileItemHeaders(org.apache.commons.fileupload2.core.FileItemHeaders)	newFileItemHeaders()	org.apache.commons.fileupload2.core.FileItemFactory$AbstractFileItemBuilder	SOURCE
org.apache.commons.fileupload2.core.FileItemFactory$AbstractFileItemBuilder	setFileItemHeaders(org.apache.commons.fileupload2.core.FileItemHeaders)	asThis()	org.apache.commons.io.build.AbstractSupplier	SOURCE
org.apache.commons.fileupload2.core.FileItemFactory$AbstractFileItemBuilder	setFileName(java.lang.String)	asThis()	org.apache.commons.io.build.AbstractSupplier	SOURCE
org.apache.commons.fileupload2.core.FileItemFactory$AbstractFileItemBuilder	setFormField(boolean)	asThis()	org.apache.commons.io.build.AbstractSupplier	SOURCE
org.apache.commons.fileupload2.core.AbstractFileUpload	isMultipartContent(org.apache.commons.fileupload2.core.RequestContext)	getContentType()	org.apache.commons.fileupload2.core.RequestContext	SOURCE
org.apache.commons.fileupload2.core.AbstractFileUpload	isMultipartContent(org.apache.commons.fileupload2.core.RequestContext)	startsWith(java.lang.String)	java.lang.String	SOURCE
org.apache.commons.fileupload2.core.AbstractFileUpload	isMultipartContent(org.apache.commons.fileupload2.core.RequestContext)	toLowerCase(java.util.Locale)	java.lang.String	SOURCE
org.apache.commons.fileupload2.core.AbstractFileUpload	getBoundary(java.lang.String)	ParameterParser()	org.apache.commons.fileupload2.core.ParameterParser	SOURCE
org.apache.commons.fileupload2.core.AbstractFileUpload	getBoundary(java.lang.String)	setLowerCaseNames(boolean)	org.apache.commons.fileupload2.core.ParameterParser	SOURCE
org.apache.commons.fileupload2.core.AbstractFileUpload	getBoundary(java.lang.String)	parse(java.lang.String,char[])	org.apache.commons.fileupload2.core.ParameterParser	SOURCE
org.apache.commons.fileupload2.core.AbstractFileUpload	getBoundary(java.lang.String)	get(java.lang.Object)	java.util.Map	SOURCE
org.apache.commons.fileupload2.core.AbstractFileUpload	getBoundary(java.lang.String)	getBytes(java.nio.charset.Charset)	java.lang.String	SOURCE
org.apache.commons.fileupload2.core.AbstractFileUpload	getFieldName(org.apache.commons.fileupload2.core.FileItemHeaders)	getFieldName(java.lang.String)	org.apache.commons.fileupload2.core.AbstractFileUpload	SOURCE
org.apache.commons.fileupload2.core.AbstractFileUpload	getFieldName(org.apache.commons.fileupload2.core.FileItemHeaders)	getHeader(java.lang.String)	org.apache.commons.fileupload2.core.FileItemHeaders	SOURCE
org.apache.commons.fileupload2.core.AbstractFileUpload	getFieldName(java.lang.String)	startsWith(java.lang.String)	java.lang.String	SOURCE
org.apache.commons.fileupload2.core.AbstractFileUpload	getFieldName(java.lang.String)	toLowerCase(java.util.Locale)	java.lang.String	SOURCE
org.apache.commons.fileupload2.core.AbstractFileUpload	getFieldName(java.lang.String)	ParameterParser()	org.apache.commons.fileupload2.core.ParameterParser	SOURCE
org.apache.commons.fileupload2.core.AbstractFileUpload	getFieldName(java.lang.String)	setLowerCaseNames(boolean)	org.apache.commons.fileupload2.core.ParameterParser	SOURCE
org.apache.commons.fileupload2.core.AbstractFileUpload	getFieldName(java.lang.String)	parse(java.lang.String,char)	org.apache.commons.fileupload2.core.ParameterParser	SOURCE
org.apache.commons.fileupload2.core.AbstractFileUpload	getFieldName(java.lang.String)	get(java.lang.Object)	java.util.Map	SOURCE
org.apache.commons.fileupload2.core.AbstractFileUpload	getFieldName(java.lang.String)	trim()	java.lang.String	SOURCE
org.apache.commons.fileupload2.core.AbstractFileUpload	getFileName(org.apache.commons.fileupload2.core.FileItemHeaders)	getFileName(java.lang.String)	org.apache.commons.fileupload2.core.AbstractFileUpload	SOURCE
org.apache.commons.fileupload2.core.AbstractFileUpload	getFileName(org.apache.commons.fileupload2.core.FileItemHeaders)	getHeader(java.lang.String)	org.apache.commons.fileupload2.core.FileItemHeaders	SOURCE
org.apache.commons.fileupload2.core.AbstractFileUpload	getFileName(java.lang.String)	toLowerCase(java.util.Locale)	java.lang.String	SOURCE
org.apache.commons.fileupload2.core.AbstractFileUpload	getFileName(java.lang.String)	startsWith(java.lang.String)	java.lang.String	SOURCE
org.apache.commons.fileupload2.core.AbstractFileUpload	getFileName(java.lang.String)	startsWith(java.lang.String)	java.lang.String	SOURCE
org.apache.commons.fileupload2.core.AbstractFileUpload	getFileName(java.lang.String)	ParameterParser()	org.apache.commons.fileupload2.core.ParameterParser	SOURCE
org.apache.commons.fileupload2.core.AbstractFileUpload	getFileName(java.lang.String)	setLowerCaseNames(boolean)	org.apache.commons.fileupload2.core.ParameterParser	SOURCE
org.apache.commons.fileupload2.core.AbstractFileUpload	getFileName(java.lang.String)	parse(java.lang.String,char)	org.apache.commons.fileupload2.core.ParameterParser	SOURCE
org.apache.commons.fileupload2.core.AbstractFileUpload	getFileName(java.lang.String)	containsKey(java.lang.Object)	java.util.Map	SOURCE
org.apache.commons.fileupload2.core.AbstractFileUpload	getFileName(java.lang.String)	get(java.lang.Object)	java.util.Map	SOURCE
org.apache.commons.fileupload2.core.AbstractFileUpload	getFileName(java.lang.String)	trim()	java.lang.String	SOURCE
org.apache.commons.fileupload2.core.AbstractFileUpload	getItemIterator(org.apache.commons.fileupload2.core.RequestContext)	FileItemInputIteratorImpl(org.apache.commons.fileupload2.core.AbstractFileUpload,org.apache.commons.fileupload2.core.RequestContext)	org.apache.commons.fileupload2.core.FileItemInputIteratorImpl	SOURCE
org.apache.commons.fileupload2.core.AbstractFileUpload	getParsedHeaders(java.lang.String)	length()	java.lang.String	SOURCE
org.apache.commons.fileupload2.core.AbstractFileUpload	getParsedHeaders(java.lang.String)	newFileItemHeaders()	org.apache.commons.fileupload2.core.AbstractFileUpload	SOURCE
org.apache.commons.fileupload2.core.AbstractFileUpload	getParsedHeaders(java.lang.String)	parseEndOfLine(java.lang.String,int)	org.apache.commons.fileupload2.core.AbstractFileUpload	SOURCE
org.apache.commons.fileupload2.core.AbstractFileUpload	getParsedHeaders(java.lang.String)	StringBuilder(java.lang.String)	java.lang.StringBuilder	SOURCE
org.apache.commons.fileupload2.core.AbstractFileUpload	getParsedHeaders(java.lang.String)	substring(int,int)	java.lang.String	SOURCE
org.apache.commons.fileupload2.core.AbstractFileUpload	getParsedHeaders(java.lang.String)	charAt(int)	java.lang.String	SOURCE
org.apache.commons.fileupload2.core.AbstractFileUpload	getParsedHeaders(java.lang.String)	parseEndOfLine(java.lang.String,int)	org.apache.commons.fileupload2.core.AbstractFileUpload	SOURCE
org.apache.commons.fileupload2.core.AbstractFileUpload	getParsedHeaders(java.lang.String)	append(java.lang.CharSequence,int,int)	java.lang.StringBuilder	SOURCE
org.apache.commons.fileupload2.core.AbstractFileUpload	getParsedHeaders(java.lang.String)	append(char)	java.lang.StringBuilder	SOURCE
org.apache.commons.fileupload2.core.AbstractFileUpload	getParsedHeaders(java.lang.String)	parseHeaderLine(org.apache.commons.fileupload2.core.FileItemHeaders,java.lang.String)	org.apache.commons.fileupload2.core.AbstractFileUpload	SOURCE
org.apache.commons.fileupload2.core.AbstractFileUpload	getParsedHeaders(java.lang.String)	toString()	java.lang.StringBuilder	SOURCE
org.apache.commons.fileupload2.core.AbstractFileUpload	newFileItemHeaders()	newFileItemHeaders()	org.apache.commons.fileupload2.core.FileItemFactory$AbstractFileItemBuilder	SOURCE
org.apache.commons.fileupload2.core.AbstractFileUpload	parseEndOfLine(java.lang.String,int)	indexOf(int,int)	java.lang.String	SOURCE
org.apache.commons.fileupload2.core.AbstractFileUpload	parseEndOfLine(java.lang.String,int)	length()	java.lang.String	SOURCE
org.apache.commons.fileupload2.core.AbstractFileUpload	parseEndOfLine(java.lang.String,int)	IllegalStateException(java.lang.String)	java.lang.IllegalStateException	SOURCE
org.apache.commons.fileupload2.core.AbstractFileUpload	parseEndOfLine(java.lang.String,int)	charAt(int)	java.lang.String	SOURCE
org.apache.commons.fileupload2.core.AbstractFileUpload	parseHeaderLine(org.apache.commons.fileupload2.core.FileItemHeaders,java.lang.String)	indexOf(int)	java.lang.String	SOURCE
org.apache.commons.fileupload2.core.AbstractFileUpload	parseHeaderLine(org.apache.commons.fileupload2.core.FileItemHeaders,java.lang.String)	trim()	java.lang.String	SOURCE
org.apache.commons.fileupload2.core.AbstractFileUpload	parseHeaderLine(org.apache.commons.fileupload2.core.FileItemHeaders,java.lang.String)	substring(int,int)	java.lang.String	SOURCE
org.apache.commons.fileupload2.core.AbstractFileUpload	parseHeaderLine(org.apache.commons.fileupload2.core.FileItemHeaders,java.lang.String)	trim()	java.lang.String	SOURCE
org.apache.commons.fileupload2.core.AbstractFileUpload	parseHeaderLine(org.apache.commons.fileupload2.core.FileItemHeaders,java.lang.String)	substring(int)	java.lang.String	SOURCE
org.apache.commons.fileupload2.core.AbstractFileUpload	parseHeaderLine(org.apache.commons.fileupload2.core.FileItemHeaders,java.lang.String)	addHeader(java.lang.String,java.lang.String)	org.apache.commons.fileupload2.core.FileItemHeaders	SOURCE
org.apache.commons.fileupload2.core.AbstractFileUpload	parseParameterMap(org.apache.commons.fileupload2.core.RequestContext)	parseRequest(org.apache.commons.fileupload2.core.RequestContext)	org.apache.commons.fileupload2.core.AbstractFileUpload	SOURCE
org.apache.commons.fileupload2.core.AbstractFileUpload	parseParameterMap(org.apache.commons.fileupload2.core.RequestContext)	HashMap(int)	java.util.HashMap	SOURCE
org.apache.commons.fileupload2.core.AbstractFileUpload	parseParameterMap(org.apache.commons.fileupload2.core.RequestContext)	size()	java.util.List	SOURCE
org.apache.commons.fileupload2.core.AbstractFileUpload	parseParameterMap(org.apache.commons.fileupload2.core.RequestContext)	getFieldName()	org.apache.commons.fileupload2.core.FileItem	SOURCE
org.apache.commons.fileupload2.core.AbstractFileUpload	parseParameterMap(org.apache.commons.fileupload2.core.RequestContext)	computeIfAbsent(K,java.util.function.Function)	java.util.Map	SOURCE
org.apache.commons.fileupload2.core.AbstractFileUpload	parseParameterMap(org.apache.commons.fileupload2.core.RequestContext)	apply(T)	java.util.function.Function	SOURCE
org.apache.commons.fileupload2.core.AbstractFileUpload	parseParameterMap(org.apache.commons.fileupload2.core.RequestContext)	ArrayList()	java.util.ArrayList	SOURCE
org.apache.commons.fileupload2.core.AbstractFileUpload	parseParameterMap(org.apache.commons.fileupload2.core.RequestContext)	add(E)	java.util.List	SOURCE
org.apache.commons.fileupload2.core.AbstractFileUpload	parseRequest(org.apache.commons.fileupload2.core.RequestContext)	ArrayList()	java.util.ArrayList	SOURCE
org.apache.commons.fileupload2.core.AbstractFileUpload	parseRequest(org.apache.commons.fileupload2.core.RequestContext)	requireNonNull(T,java.lang.String)	java.util.Objects	SOURCE
org.apache.commons.fileupload2.core.AbstractFileUpload	parseRequest(org.apache.commons.fileupload2.core.RequestContext)	getFileItemFactory()	org.apache.commons.fileupload2.core.AbstractFileUpload	SOURCE
org.apache.commons.fileupload2.core.AbstractFileUpload	parseRequest(org.apache.commons.fileupload2.core.RequestContext)	forEachRemaining(org.apache.commons.io.function.IOConsumer)	org.apache.commons.io.function.IOIterator	SOURCE
org.apache.commons.fileupload2.core.AbstractFileUpload	parseRequest(org.apache.commons.fileupload2.core.RequestContext)	getItemIterator(org.apache.commons.fileupload2.core.RequestContext)	org.apache.commons.fileupload2.core.AbstractFileUpload	SOURCE
org.apache.commons.fileupload2.core.AbstractFileUpload	parseRequest(org.apache.commons.fileupload2.core.RequestContext)	accept(T)	org.apache.commons.io.function.IOConsumer	SOURCE
org.apache.commons.fileupload2.core.AbstractFileUpload	parseRequest(org.apache.commons.fileupload2.core.RequestContext)	size()	java.util.List	SOURCE
org.apache.commons.fileupload2.core.AbstractFileUpload	parseRequest(org.apache.commons.fileupload2.core.RequestContext)	FileUploadFileCountLimitException(java.lang.String,long,long)	org.apache.commons.fileupload2.core.FileUploadFileCountLimitException	SOURCE
org.apache.commons.fileupload2.core.AbstractFileUpload	parseRequest(org.apache.commons.fileupload2.core.RequestContext)	getFileCountMax()	org.apache.commons.fileupload2.core.AbstractFileUpload	SOURCE
org.apache.commons.fileupload2.core.AbstractFileUpload	parseRequest(org.apache.commons.fileupload2.core.RequestContext)	size()	java.util.List	SOURCE
org.apache.commons.fileupload2.core.AbstractFileUpload	parseRequest(org.apache.commons.fileupload2.core.RequestContext)	get()	org.apache.commons.io.function.IOSupplier	SOURCE
org.apache.commons.fileupload2.core.AbstractFileUpload	parseRequest(org.apache.commons.fileupload2.core.RequestContext)	setFileItemHeaders(org.apache.commons.fileupload2.core.FileItemHeaders)	org.apache.commons.fileupload2.core.FileItemFactory$AbstractFileItemBuilder	SOURCE
org.apache.commons.fileupload2.core.AbstractFileUpload	parseRequest(org.apache.commons.fileupload2.core.RequestContext)	setFileName(java.lang.String)	org.apache.commons.fileupload2.core.FileItemFactory$AbstractFileItemBuilder	SOURCE
org.apache.commons.fileupload2.core.AbstractFileUpload	parseRequest(org.apache.commons.fileupload2.core.RequestContext)	setFormField(boolean)	org.apache.commons.fileupload2.core.FileItemFactory$AbstractFileItemBuilder	SOURCE
org.apache.commons.fileupload2.core.AbstractFileUpload	parseRequest(org.apache.commons.fileupload2.core.RequestContext)	setContentType(java.lang.String)	org.apache.commons.fileupload2.core.FileItemFactory$AbstractFileItemBuilder	SOURCE
org.apache.commons.fileupload2.core.AbstractFileUpload	parseRequest(org.apache.commons.fileupload2.core.RequestContext)	setFieldName(java.lang.String)	org.apache.commons.fileupload2.core.FileItemFactory$AbstractFileItemBuilder	SOURCE
org.apache.commons.fileupload2.core.AbstractFileUpload	parseRequest(org.apache.commons.fileupload2.core.RequestContext)	fileItemBuilder()	org.apache.commons.fileupload2.core.FileItemFactory	SOURCE
org.apache.commons.fileupload2.core.AbstractFileUpload	parseRequest(org.apache.commons.fileupload2.core.RequestContext)	getFieldName()	org.apache.commons.fileupload2.core.FileItemInput	SOURCE
org.apache.commons.fileupload2.core.AbstractFileUpload	parseRequest(org.apache.commons.fileupload2.core.RequestContext)	getContentType()	org.apache.commons.fileupload2.core.FileItemInput	SOURCE
org.apache.commons.fileupload2.core.AbstractFileUpload	parseRequest(org.apache.commons.fileupload2.core.RequestContext)	isFormField()	org.apache.commons.fileupload2.core.FileItemInput	SOURCE
org.apache.commons.fileupload2.core.AbstractFileUpload	parseRequest(org.apache.commons.fileupload2.core.RequestContext)	getName()	org.apache.commons.fileupload2.core.FileItemInput	SOURCE
org.apache.commons.fileupload2.core.AbstractFileUpload	parseRequest(org.apache.commons.fileupload2.core.RequestContext)	getHeaders()	org.apache.commons.fileupload2.core.FileItemHeadersProvider	SOURCE
org.apache.commons.fileupload2.core.AbstractFileUpload	parseRequest(org.apache.commons.fileupload2.core.RequestContext)	add(E)	java.util.List	SOURCE
org.apache.commons.fileupload2.core.AbstractFileUpload	parseRequest(org.apache.commons.fileupload2.core.RequestContext)	getInputStream()	org.apache.commons.fileupload2.core.FileItemInput	SOURCE
org.apache.commons.fileupload2.core.AbstractFileUpload	parseRequest(org.apache.commons.fileupload2.core.RequestContext)	getOutputStream()	org.apache.commons.fileupload2.core.FileItem	SOURCE
org.apache.commons.fileupload2.core.AbstractFileUpload	parseRequest(org.apache.commons.fileupload2.core.RequestContext)	copyLarge(java.io.InputStream,java.io.OutputStream,byte[])	org.apache.commons.io.IOUtils	SOURCE
org.apache.commons.fileupload2.core.AbstractFileUpload	parseRequest(org.apache.commons.fileupload2.core.RequestContext)	FileUploadException(java.lang.String,java.lang.Throwable)	org.apache.commons.fileupload2.core.FileUploadException	SOURCE
org.apache.commons.fileupload2.core.AbstractFileUpload	parseRequest(org.apache.commons.fileupload2.core.RequestContext)	format(java.lang.String,java.lang.Object[])	java.lang.String	SOURCE
org.apache.commons.fileupload2.core.AbstractFileUpload	parseRequest(org.apache.commons.fileupload2.core.RequestContext)	getMessage()	java.lang.Throwable	SOURCE
org.apache.commons.fileupload2.core.AbstractFileUpload	parseRequest(org.apache.commons.fileupload2.core.RequestContext)	FileUploadException(java.lang.String,java.lang.Throwable)	org.apache.commons.fileupload2.core.FileUploadException	SOURCE
org.apache.commons.fileupload2.core.AbstractFileUpload	parseRequest(org.apache.commons.fileupload2.core.RequestContext)	getMessage()	java.lang.Throwable	SOURCE
org.apache.commons.fileupload2.core.AbstractFileUpload	parseRequest(org.apache.commons.fileupload2.core.RequestContext)	delete()	org.apache.commons.fileupload2.core.FileItem	SOURCE
org.apache.commons.fileupload2.core.RequestContext	getCharset()	toCharset(java.lang.String,java.nio.charset.Charset)	org.apache.commons.io.Charsets	SOURCE
org.apache.commons.fileupload2.core.RequestContext	getCharset()	getCharacterEncoding()	org.apache.commons.fileupload2.core.RequestContext	SOURCE
org.apache.commons.fileupload2.core.MultipartInput$Builder	Builder()	AbstractStreamBuilder()	org.apache.commons.io.build.AbstractStreamBuilder	SOURCE
org.apache.commons.fileupload2.core.MultipartInput$Builder	Builder()	setBufferSizeDefault(int)	org.apache.commons.io.build.AbstractStreamBuilder	SOURCE
org.apache.commons.fileupload2.core.MultipartInput$Builder	get()	MultipartInput(java.io.InputStream,byte[],int,org.apache.commons.fileupload2.core.MultipartInput.ProgressNotifier)	org.apache.commons.fileupload2.core.MultipartInput	SOURCE
org.apache.commons.fileupload2.core.MultipartInput$Builder	get()	getInputStream()	org.apache.commons.io.build.AbstractStreamBuilder	SOURCE
org.apache.commons.fileupload2.core.MultipartInput$Builder	get()	getBufferSize()	org.apache.commons.io.build.AbstractStreamBuilder	SOURCE
org.apache.commons.fileupload2.core.MultipartInput$FileUploadBoundaryException	FileUploadBoundaryException(java.lang.String)	FileUploadException(java.lang.String)	org.apache.commons.fileupload2.core.FileUploadException	SOURCE
org.apache.commons.fileupload2.core.MultipartInput$ItemInputStream	ItemInputStream()	InputStream()	java.io.InputStream	SOURCE
org.apache.commons.fileupload2.core.MultipartInput$ItemInputStream	ItemInputStream()	findSeparator()	org.apache.commons.fileupload2.core.MultipartInput$ItemInputStream	SOURCE
org.apache.commons.fileupload2.core.MultipartInput$ItemInputStream	checkOpen()	ItemSkippedException(java.lang.String)	org.apache.commons.fileupload2.core.FileItemInput$ItemSkippedException	SOURCE
org.apache.commons.fileupload2.core.MultipartInput$ItemInputStream	close()	close(boolean)	org.apache.commons.fileupload2.core.MultipartInput$ItemInputStream	SOURCE
org.apache.commons.fileupload2.core.MultipartInput$ItemInputStream	close(boolean)	close()	java.io.InputStream	SOURCE
org.apache.commons.fileupload2.core.MultipartInput$ItemInputStream	close(boolean)	available()	org.apache.commons.fileupload2.core.MultipartInput$ItemInputStream	SOURCE
org.apache.commons.fileupload2.core.MultipartInput$ItemInputStream	close(boolean)	makeAvailable()	org.apache.commons.fileupload2.core.MultipartInput$ItemInputStream	SOURCE
org.apache.commons.fileupload2.core.MultipartInput$ItemInputStream	close(boolean)	skip(long)	org.apache.commons.fileupload2.core.MultipartInput$ItemInputStream	SOURCE
org.apache.commons.fileupload2.core.MultipartInput$ItemInputStream	findSeparator()	findSeparator()	org.apache.commons.fileupload2.core.MultipartInput	SOURCE
org.apache.commons.fileupload2.core.MultipartInput$ItemInputStream	makeAvailable()	arraycopy(java.lang.Object,int,java.lang.Object,int,int)	java.lang.System	SOURCE
org.apache.commons.fileupload2.core.MultipartInput$ItemInputStream	makeAvailable()	read(byte[],int,int)	java.io.InputStream	SOURCE
org.apache.commons.fileupload2.core.MultipartInput$ItemInputStream	makeAvailable()	MalformedStreamException(java.lang.String)	org.apache.commons.fileupload2.core.MultipartInput$MalformedStreamException	SOURCE
org.apache.commons.fileupload2.core.MultipartInput$ItemInputStream	makeAvailable()	noteBytesRead(int)	org.apache.commons.fileupload2.core.MultipartInput$ProgressNotifier	SOURCE
org.apache.commons.fileupload2.core.MultipartInput$ItemInputStream	makeAvailable()	findSeparator()	org.apache.commons.fileupload2.core.MultipartInput$ItemInputStream	SOURCE
org.apache.commons.fileupload2.core.MultipartInput$ItemInputStream	makeAvailable()	available()	org.apache.commons.fileupload2.core.MultipartInput$ItemInputStream	SOURCE
org.apache.commons.fileupload2.core.MultipartInput$ItemInputStream	read()	checkOpen()	org.apache.commons.fileupload2.core.MultipartInput$ItemInputStream	SOURCE
org.apache.commons.fileupload2.core.MultipartInput$ItemInputStream	read()	available()	org.apache.commons.fileupload2.core.MultipartInput$ItemInputStream	SOURCE
org.apache.commons.fileupload2.core.MultipartInput$ItemInputStream	read()	makeAvailable()	org.apache.commons.fileupload2.core.MultipartInput$ItemInputStream	SOURCE
org.apache.commons.fileupload2.core.MultipartInput$ItemInputStream	read(byte[],int,int)	checkOpen()	org.apache.commons.fileupload2.core.MultipartInput$ItemInputStream	SOURCE
org.apache.commons.fileupload2.core.MultipartInput$ItemInputStream	read(byte[],int,int)	available()	org.apache.commons.fileupload2.core.MultipartInput$ItemInputStream	SOURCE
org.apache.commons.fileupload2.core.MultipartInput$ItemInputStream	read(byte[],int,int)	makeAvailable()	org.apache.commons.fileupload2.core.MultipartInput$ItemInputStream	SOURCE
org.apache.commons.fileupload2.core.MultipartInput$ItemInputStream	read(byte[],int,int)	min(int,int)	java.lang.Math	SOURCE
org.apache.commons.fileupload2.core.MultipartInput$ItemInputStream	read(byte[],int,int)	arraycopy(java.lang.Object,int,java.lang.Object,int,int)	java.lang.System	SOURCE
org.apache.commons.fileupload2.core.MultipartInput$ItemInputStream	skip(long)	checkOpen()	org.apache.commons.fileupload2.core.MultipartInput$ItemInputStream	SOURCE
org.apache.commons.fileupload2.core.MultipartInput$ItemInputStream	skip(long)	available()	org.apache.commons.fileupload2.core.MultipartInput$ItemInputStream	SOURCE
org.apache.commons.fileupload2.core.MultipartInput$ItemInputStream	skip(long)	makeAvailable()	org.apache.commons.fileupload2.core.MultipartInput$ItemInputStream	SOURCE
org.apache.commons.fileupload2.core.MultipartInput$ItemInputStream	skip(long)	min(long,long)	java.lang.Math	SOURCE
org.apache.commons.fileupload2.core.MultipartInput$MalformedStreamException	MalformedStreamException(java.lang.String)	FileUploadException(java.lang.String)	org.apache.commons.fileupload2.core.FileUploadException	SOURCE
org.apache.commons.fileupload2.core.MultipartInput$MalformedStreamException	MalformedStreamException(java.lang.String,java.lang.Throwable)	FileUploadException(java.lang.String,java.lang.Throwable)	org.apache.commons.fileupload2.core.FileUploadException	SOURCE
org.apache.commons.fileupload2.core.MultipartInput$ProgressNotifier	ProgressNotifier(org.apache.commons.fileupload2.core.ProgressListener,long)	Object()	java.lang.Object	SOURCE
org.apache.commons.fileupload2.core.MultipartInput$ProgressNotifier	noteBytesRead(int)	notifyListener()	org.apache.commons.fileupload2.core.MultipartInput$ProgressNotifier	SOURCE
org.apache.commons.fileupload2.core.MultipartInput$ProgressNotifier	noteItem()	notifyListener()	org.apache.commons.fileupload2.core.MultipartInput$ProgressNotifier	SOURCE
org.apache.commons.fileupload2.core.MultipartInput$ProgressNotifier	notifyListener()	update(long,long,int)	org.apache.commons.fileupload2.core.ProgressListener	SOURCE
org.apache.commons.fileupload2.core.MultipartInput	builder()	Builder()	org.apache.commons.fileupload2.core.MultipartInput$Builder	SOURCE
org.apache.commons.fileupload2.core.MultipartInput	MultipartInput(java.io.InputStream,byte[],int,org.apache.commons.fileupload2.core.MultipartInput.ProgressNotifier)	Object()	java.lang.Object	SOURCE
org.apache.commons.fileupload2.core.MultipartInput	MultipartInput(java.io.InputStream,byte[],int,org.apache.commons.fileupload2.core.MultipartInput.ProgressNotifier)	IllegalArgumentException(java.lang.String)	java.lang.IllegalArgumentException	SOURCE
org.apache.commons.fileupload2.core.MultipartInput	MultipartInput(java.io.InputStream,byte[],int,org.apache.commons.fileupload2.core.MultipartInput.ProgressNotifier)	IllegalArgumentException(java.lang.String)	java.lang.IllegalArgumentException	SOURCE
org.apache.commons.fileupload2.core.MultipartInput	MultipartInput(java.io.InputStream,byte[],int,org.apache.commons.fileupload2.core.MultipartInput.ProgressNotifier)	max(int,int)	java.lang.Math	SOURCE
org.apache.commons.fileupload2.core.MultipartInput	MultipartInput(java.io.InputStream,byte[],int,org.apache.commons.fileupload2.core.MultipartInput.ProgressNotifier)	arraycopy(java.lang.Object,int,java.lang.Object,int,int)	java.lang.System	SOURCE
org.apache.commons.fileupload2.core.MultipartInput	MultipartInput(java.io.InputStream,byte[],int,org.apache.commons.fileupload2.core.MultipartInput.ProgressNotifier)	arraycopy(java.lang.Object,int,java.lang.Object,int,int)	java.lang.System	SOURCE
org.apache.commons.fileupload2.core.MultipartInput	MultipartInput(java.io.InputStream,byte[],int,org.apache.commons.fileupload2.core.MultipartInput.ProgressNotifier)	computeBoundaryTable()	org.apache.commons.fileupload2.core.MultipartInput	SOURCE
org.apache.commons.fileupload2.core.MultipartInput	discardBodyData()	readBodyData(java.io.OutputStream)	org.apache.commons.fileupload2.core.MultipartInput	SOURCE
org.apache.commons.fileupload2.core.MultipartInput	newInputStream()	ItemInputStream()	org.apache.commons.fileupload2.core.MultipartInput$ItemInputStream	SOURCE
org.apache.commons.fileupload2.core.MultipartInput	readBodyData(java.io.OutputStream)	newInputStream()	org.apache.commons.fileupload2.core.MultipartInput	SOURCE
org.apache.commons.fileupload2.core.MultipartInput	readBodyData(java.io.OutputStream)	copyLarge(java.io.InputStream,java.io.OutputStream)	org.apache.commons.io.IOUtils	SOURCE
org.apache.commons.fileupload2.core.MultipartInput	readBoundary()	readByte()	org.apache.commons.fileupload2.core.MultipartInput	SOURCE
org.apache.commons.fileupload2.core.MultipartInput	readBoundary()	readByte()	org.apache.commons.fileupload2.core.MultipartInput	SOURCE
org.apache.commons.fileupload2.core.MultipartInput	readBoundary()	arrayEquals(byte[],byte[],int)	org.apache.commons.fileupload2.core.MultipartInput	SOURCE
org.apache.commons.fileupload2.core.MultipartInput	readBoundary()	arrayEquals(byte[],byte[],int)	org.apache.commons.fileupload2.core.MultipartInput	SOURCE
org.apache.commons.fileupload2.core.MultipartInput	readBoundary()	MalformedStreamException(java.lang.String)	org.apache.commons.fileupload2.core.MultipartInput$MalformedStreamException	SOURCE
org.apache.commons.fileupload2.core.MultipartInput	readBoundary()	MalformedStreamException(java.lang.String,java.lang.Throwable)	org.apache.commons.fileupload2.core.MultipartInput$MalformedStreamException	SOURCE
org.apache.commons.fileupload2.core.MultipartInput	readByte()	read(byte[],int,int)	java.io.InputStream	SOURCE
org.apache.commons.fileupload2.core.MultipartInput	readByte()	IOException(java.lang.String)	java.io.IOException	SOURCE
org.apache.commons.fileupload2.core.MultipartInput	readByte()	noteBytesRead(int)	org.apache.commons.fileupload2.core.MultipartInput$ProgressNotifier	SOURCE
org.apache.commons.fileupload2.core.MultipartInput	readHeaders()	ByteArrayOutputStream()	java.io.ByteArrayOutputStream	SOURCE
org.apache.commons.fileupload2.core.MultipartInput	readHeaders()	readByte()	org.apache.commons.fileupload2.core.MultipartInput	SOURCE
org.apache.commons.fileupload2.core.MultipartInput	readHeaders()	MalformedStreamException(java.lang.String,java.lang.Throwable)	org.apache.commons.fileupload2.core.MultipartInput$MalformedStreamException	SOURCE
org.apache.commons.fileupload2.core.MultipartInput	readHeaders()	MalformedStreamException(java.lang.String)	org.apache.commons.fileupload2.core.MultipartInput$MalformedStreamException	SOURCE
org.apache.commons.fileupload2.core.MultipartInput	readHeaders()	format(java.lang.String,java.lang.Object[])	java.lang.String	SOURCE
org.apache.commons.fileupload2.core.MultipartInput	readHeaders()	write(int)	java.io.ByteArrayOutputStream	SOURCE
org.apache.commons.fileupload2.core.MultipartInput	readHeaders()	toString(java.lang.String)	java.io.ByteArrayOutputStream	SOURCE
org.apache.commons.fileupload2.core.MultipartInput	readHeaders()	name()	java.nio.charset.Charset	SOURCE
org.apache.commons.fileupload2.core.MultipartInput	readHeaders()	toCharset(java.nio.charset.Charset,java.nio.charset.Charset)	org.apache.commons.io.Charsets	SOURCE
org.apache.commons.fileupload2.core.MultipartInput	readHeaders()	defaultCharset()	java.nio.charset.Charset	SOURCE
org.apache.commons.fileupload2.core.MultipartInput	readHeaders()	IllegalStateException(java.lang.Throwable)	java.lang.IllegalStateException	SOURCE
org.apache.commons.fileupload2.core.MultipartInput	setBoundary(byte[])	FileUploadBoundaryException(java.lang.String)	org.apache.commons.fileupload2.core.MultipartInput$FileUploadBoundaryException	SOURCE
org.apache.commons.fileupload2.core.MultipartInput	setBoundary(byte[])	arraycopy(java.lang.Object,int,java.lang.Object,int,int)	java.lang.System	SOURCE
org.apache.commons.fileupload2.core.MultipartInput	setBoundary(byte[])	computeBoundaryTable()	org.apache.commons.fileupload2.core.MultipartInput	SOURCE
org.apache.commons.fileupload2.core.MultipartInput	skipPreamble()	arraycopy(java.lang.Object,int,java.lang.Object,int,int)	java.lang.System	SOURCE
org.apache.commons.fileupload2.core.MultipartInput	skipPreamble()	computeBoundaryTable()	org.apache.commons.fileupload2.core.MultipartInput	SOURCE
org.apache.commons.fileupload2.core.MultipartInput	skipPreamble()	discardBodyData()	org.apache.commons.fileupload2.core.MultipartInput	SOURCE
org.apache.commons.fileupload2.core.MultipartInput	skipPreamble()	readBoundary()	org.apache.commons.fileupload2.core.MultipartInput	SOURCE
org.apache.commons.fileupload2.core.MultipartInput	skipPreamble()	arraycopy(java.lang.Object,int,java.lang.Object,int,int)	java.lang.System	SOURCE
org.apache.commons.fileupload2.core.MultipartInput	skipPreamble()	computeBoundaryTable()	org.apache.commons.fileupload2.core.MultipartInput	SOURCE
org.apache.commons.fileupload2.core.FileItemInputImpl	FileItemInputImpl(org.apache.commons.fileupload2.core.FileItemInputIteratorImpl,java.lang.String,java.lang.String,java.lang.String,boolean,long)	Object()	java.lang.Object	SOURCE
org.apache.commons.fileupload2.core.FileItemInputImpl	FileItemInputImpl(org.apache.commons.fileupload2.core.FileItemInputIteratorImpl,java.lang.String,java.lang.String,java.lang.String,boolean,long)	getFileSizeMax()	org.apache.commons.fileupload2.core.FileItemInputIteratorImpl	SOURCE
org.apache.commons.fileupload2.core.FileItemInputImpl	FileItemInputImpl(org.apache.commons.fileupload2.core.FileItemInputIteratorImpl,java.lang.String,java.lang.String,java.lang.String,boolean,long)	FileUploadByteCountLimitException(java.lang.String,long,long,java.lang.String,java.lang.String)	org.apache.commons.fileupload2.core.FileUploadByteCountLimitException	SOURCE
org.apache.commons.fileupload2.core.FileItemInputImpl	FileItemInputImpl(org.apache.commons.fileupload2.core.FileItemInputIteratorImpl,java.lang.String,java.lang.String,java.lang.String,boolean,long)	format(java.lang.String,java.lang.Object[])	java.lang.String	SOURCE
org.apache.commons.fileupload2.core.FileItemInputImpl	FileItemInputImpl(org.apache.commons.fileupload2.core.FileItemInputIteratorImpl,java.lang.String,java.lang.String,java.lang.String,boolean,long)	newInputStream()	org.apache.commons.fileupload2.core.MultipartInput	SOURCE
org.apache.commons.fileupload2.core.FileItemInputImpl	FileItemInputImpl(org.apache.commons.fileupload2.core.FileItemInputIteratorImpl,java.lang.String,java.lang.String,java.lang.String,boolean,long)	getMultiPartInput()	org.apache.commons.fileupload2.core.FileItemInputIteratorImpl	SOURCE
org.apache.commons.fileupload2.core.FileItemInputImpl$1	onMaxLength(long,long)	close(boolean)	org.apache.commons.fileupload2.core.MultipartInput$ItemInputStream	SOURCE
org.apache.commons.fileupload2.core.FileItemInputImpl$1	onMaxLength(long,long)	FileUploadByteCountLimitException(java.lang.String,long,long,java.lang.String,java.lang.String)	org.apache.commons.fileupload2.core.FileUploadByteCountLimitException	SOURCE
org.apache.commons.fileupload2.core.FileItemInputImpl$1	onMaxLength(long,long)	format(java.lang.String,java.lang.Object[])	java.lang.String	SOURCE
org.apache.commons.fileupload2.core.FileItemInputImpl	close()	close()	java.io.InputStream	SOURCE
org.apache.commons.fileupload2.core.FileItemInputImpl	getInputStream()	ItemSkippedException(java.lang.String)	org.apache.commons.fileupload2.core.FileItemInput$ItemSkippedException	SOURCE
org.apache.commons.fileupload2.core.FileItemInputImpl	getName()	checkFileName(java.lang.String)	org.apache.commons.fileupload2.core.DiskFileItem	SOURCE
org.apache.commons.fileupload2.core.FileUploadFileCountLimitException	FileUploadFileCountLimitException(java.lang.String,long,long)	FileUploadSizeException(java.lang.String,long,long)	org.apache.commons.fileupload2.core.FileUploadSizeException	SOURCE
org.apache.commons.fileupload2.core.QuotedPrintableDecoder	decode(byte[],java.io.OutputStream)	write(int)	java.io.OutputStream	SOURCE
org.apache.commons.fileupload2.core.QuotedPrintableDecoder	decode(byte[],java.io.OutputStream)	IOException(java.lang.String)	java.io.IOException	SOURCE
org.apache.commons.fileupload2.core.QuotedPrintableDecoder	decode(byte[],java.io.OutputStream)	IOException(java.lang.String)	java.io.IOException	SOURCE
org.apache.commons.fileupload2.core.QuotedPrintableDecoder	decode(byte[],java.io.OutputStream)	hexToBinary(byte)	org.apache.commons.fileupload2.core.QuotedPrintableDecoder	SOURCE
org.apache.commons.fileupload2.core.QuotedPrintableDecoder	decode(byte[],java.io.OutputStream)	hexToBinary(byte)	org.apache.commons.fileupload2.core.QuotedPrintableDecoder	SOURCE
org.apache.commons.fileupload2.core.QuotedPrintableDecoder	decode(byte[],java.io.OutputStream)	write(int)	java.io.OutputStream	SOURCE
org.apache.commons.fileupload2.core.QuotedPrintableDecoder	decode(byte[],java.io.OutputStream)	write(int)	java.io.OutputStream	SOURCE
org.apache.commons.fileupload2.core.QuotedPrintableDecoder	hexToBinary(byte)	digit(char,int)	java.lang.Character	SOURCE
org.apache.commons.fileupload2.core.QuotedPrintableDecoder	hexToBinary(byte)	IOException(java.lang.String)	java.io.IOException	SOURCE
org.apache.commons.fileupload2.core.QuotedPrintableDecoder	QuotedPrintableDecoder()	Object()	java.lang.Object	SOURCE
org.apache.commons.fileupload2.core.AbstractRequestContext	AbstractRequestContext(java.util.function.Function,java.util.function.LongSupplier,T)	Object()	java.lang.Object	SOURCE
org.apache.commons.fileupload2.core.AbstractRequestContext	getContentLength()	parseLong(java.lang.String)	java.lang.Long	SOURCE
org.apache.commons.fileupload2.core.AbstractRequestContext	getContentLength()	apply(T)	java.util.function.Function	SOURCE
org.apache.commons.fileupload2.core.AbstractRequestContext	getContentLength()	getAsLong()	java.util.function.LongSupplier	SOURCE
org.apache.commons.fileupload2.core.AbstractRequestContext	toString()	format(java.lang.String,java.lang.Object[])	java.lang.String	SOURCE
org.apache.commons.fileupload2.core.AbstractRequestContext	toString()	getSimpleName()	java.lang.Class	SOURCE
org.apache.commons.fileupload2.core.AbstractRequestContext	toString()	getClass()	java.lang.Object	SOURCE
org.apache.commons.fileupload2.core.AbstractRequestContext	toString()	getContentLength()	org.apache.commons.fileupload2.core.AbstractRequestContext	SOURCE
org.apache.commons.fileupload2.core.AbstractRequestContext	toString()	getContentType()	org.apache.commons.fileupload2.core.RequestContext	SOURCE
org.apache.commons.fileupload2.core.DiskFileItemFactory$Builder	Builder()	AbstractStreamBuilder()	org.apache.commons.io.build.AbstractStreamBuilder	SOURCE
org.apache.commons.fileupload2.core.DiskFileItemFactory$Builder	Builder()	setBufferSize(int)	org.apache.commons.io.build.AbstractStreamBuilder	SOURCE
org.apache.commons.fileupload2.core.DiskFileItemFactory$Builder	Builder()	setPath(java.nio.file.Path)	org.apache.commons.io.build.AbstractOriginSupplier	SOURCE
org.apache.commons.fileupload2.core.DiskFileItemFactory$Builder	Builder()	getTempDirectory()	org.apache.commons.io.file.PathUtils	SOURCE
org.apache.commons.fileupload2.core.DiskFileItemFactory$Builder	Builder()	setCharset(java.nio.charset.Charset)	org.apache.commons.io.build.AbstractStreamBuilder	SOURCE
org.apache.commons.fileupload2.core.DiskFileItemFactory$Builder	Builder()	setCharsetDefault(java.nio.charset.Charset)	org.apache.commons.io.build.AbstractStreamBuilder	SOURCE
org.apache.commons.fileupload2.core.DiskFileItemFactory$Builder	get()	DiskFileItemFactory(java.nio.file.Path,int,java.nio.charset.Charset,org.apache.commons.io.FileCleaningTracker)	org.apache.commons.fileupload2.core.DiskFileItemFactory	SOURCE
org.apache.commons.fileupload2.core.DiskFileItemFactory$Builder	get()	getPath()	org.apache.commons.io.build.AbstractStreamBuilder	SOURCE
org.apache.commons.fileupload2.core.DiskFileItemFactory$Builder	get()	getBufferSize()	org.apache.commons.io.build.AbstractStreamBuilder	SOURCE
org.apache.commons.fileupload2.core.DiskFileItemFactory$Builder	get()	getCharset()	org.apache.commons.io.build.AbstractStreamBuilder	SOURCE
org.apache.commons.fileupload2.core.DiskFileItemFactory	builder()	Builder()	org.apache.commons.fileupload2.core.DiskFileItemFactory$Builder	SOURCE
org.apache.commons.fileupload2.core.DiskFileItemFactory	DiskFileItemFactory(java.nio.file.Path,int,java.nio.charset.Charset,org.apache.commons.io.FileCleaningTracker)	Object()	java.lang.Object	SOURCE
org.apache.commons.fileupload2.core.DiskFileItemFactory	fileItemBuilder()	setPath(java.nio.file.Path)	org.apache.commons.io.build.AbstractOriginSupplier	SOURCE
org.apache.commons.fileupload2.core.DiskFileItemFactory	fileItemBuilder()	setFileCleaningTracker(org.apache.commons.io.FileCleaningTracker)	org.apache.commons.fileupload2.core.FileItemFactory$AbstractFileItemBuilder	SOURCE
org.apache.commons.fileupload2.core.DiskFileItemFactory	fileItemBuilder()	setCharset(java.nio.charset.Charset)	org.apache.commons.io.build.AbstractStreamBuilder	SOURCE
org.apache.commons.fileupload2.core.DiskFileItemFactory	fileItemBuilder()	setBufferSize(int)	org.apache.commons.io.build.AbstractStreamBuilder	SOURCE
org.apache.commons.fileupload2.core.DiskFileItemFactory	fileItemBuilder()	builder()	org.apache.commons.fileupload2.core.DiskFileItem	SOURCE
org.apache.commons.fileupload2.core.DiskFileItem$Builder	Builder()	AbstractFileItemBuilder()	org.apache.commons.fileupload2.core.FileItemFactory$AbstractFileItemBuilder	SOURCE
org.apache.commons.fileupload2.core.DiskFileItem$Builder	Builder()	setBufferSize(int)	org.apache.commons.io.build.AbstractStreamBuilder	SOURCE
org.apache.commons.fileupload2.core.DiskFileItem$Builder	Builder()	setPath(java.nio.file.Path)	org.apache.commons.io.build.AbstractOriginSupplier	SOURCE
org.apache.commons.fileupload2.core.DiskFileItem$Builder	Builder()	getTempDirectory()	org.apache.commons.io.file.PathUtils	SOURCE
org.apache.commons.fileupload2.core.DiskFileItem$Builder	Builder()	setCharset(java.nio.charset.Charset)	org.apache.commons.io.build.AbstractStreamBuilder	SOURCE
org.apache.commons.fileupload2.core.DiskFileItem$Builder	Builder()	setCharsetDefault(java.nio.charset.Charset)	org.apache.commons.io.build.AbstractStreamBuilder	SOURCE
org.apache.commons.fileupload2.core.DiskFileItem$Builder	get()	DiskFileItem(java.lang.String,java.lang.String,boolean,java.lang.String,int,java.nio.file.Path,org.apache.commons.fileupload2.core.FileItemHeaders,java.nio.charset.Charset)	org.apache.commons.fileupload2.core.DiskFileItem	SOURCE
org.apache.commons.fileupload2.core.DiskFileItem$Builder	get()	getFieldName()	org.apache.commons.fileupload2.core.FileItemFactory$AbstractFileItemBuilder	SOURCE
org.apache.commons.fileupload2.core.DiskFileItem$Builder	get()	getContentType()	org.apache.commons.fileupload2.core.FileItemFactory$AbstractFileItemBuilder	SOURCE
org.apache.commons.fileupload2.core.DiskFileItem$Builder	get()	isFormField()	org.apache.commons.fileupload2.core.FileItemFactory$AbstractFileItemBuilder	SOURCE
org.apache.commons.fileupload2.core.DiskFileItem$Builder	get()	getFileName()	org.apache.commons.fileupload2.core.FileItemFactory$AbstractFileItemBuilder	SOURCE
org.apache.commons.fileupload2.core.DiskFileItem$Builder	get()	getBufferSize()	org.apache.commons.io.build.AbstractStreamBuilder	SOURCE
org.apache.commons.fileupload2.core.DiskFileItem$Builder	get()	getPath()	org.apache.commons.io.build.AbstractStreamBuilder	SOURCE
org.apache.commons.fileupload2.core.DiskFileItem$Builder	get()	getFileItemHeaders()	org.apache.commons.fileupload2.core.FileItemFactory$AbstractFileItemBuilder	SOURCE
org.apache.commons.fileupload2.core.DiskFileItem$Builder	get()	getCharset()	org.apache.commons.io.build.AbstractStreamBuilder	SOURCE
org.apache.commons.fileupload2.core.DiskFileItem$Builder	get()	getFileCleaningTracker()	org.apache.commons.fileupload2.core.FileItemFactory$AbstractFileItemBuilder	SOURCE
org.apache.commons.fileupload2.core.DiskFileItem$Builder	get()	track(java.io.File,java.lang.Object)	org.apache.commons.io.FileCleaningTracker	SOURCE
org.apache.commons.fileupload2.core.DiskFileItem$Builder	get()	toFile()	java.nio.file.Path	SOURCE
org.apache.commons.fileupload2.core.DiskFileItem$Builder	get()	getTempFile()	org.apache.commons.fileupload2.core.DiskFileItem	SOURCE
org.apache.commons.fileupload2.core.DiskFileItem	UID	replace(char,char)	java.lang.String	SOURCE
org.apache.commons.fileupload2.core.DiskFileItem	UID	toString()	java.util.UUID	SOURCE
org.apache.commons.fileupload2.core.DiskFileItem	UID	randomUUID()	java.util.UUID	SOURCE
org.apache.commons.fileupload2.core.DiskFileItem	COUNTER	AtomicInteger(int)	java.util.concurrent.atomic.AtomicInteger	SOURCE
org.apache.commons.fileupload2.core.DiskFileItem	builder()	Builder()	org.apache.commons.fileupload2.core.DiskFileItem$Builder	SOURCE
org.apache.commons.fileupload2.core.DiskFileItem	checkFileName(java.lang.String)	indexOf(int)	java.lang.String	SOURCE
org.apache.commons.fileupload2.core.DiskFileItem	checkFileName(java.lang.String)	StringBuilder()	java.lang.StringBuilder	SOURCE
org.apache.commons.fileupload2.core.DiskFileItem	checkFileName(java.lang.String)	length()	java.lang.String	SOURCE
org.apache.commons.fileupload2.core.DiskFileItem	checkFileName(java.lang.String)	charAt(int)	java.lang.String	SOURCE
org.apache.commons.fileupload2.core.DiskFileItem	checkFileName(java.lang.String)	append(java.lang.String)	java.lang.StringBuilder	SOURCE
org.apache.commons.fileupload2.core.DiskFileItem	checkFileName(java.lang.String)	append(char)	java.lang.StringBuilder	SOURCE
org.apache.commons.fileupload2.core.DiskFileItem	checkFileName(java.lang.String)	InvalidPathException(java.lang.String,java.lang.String,int)	java.nio.file.InvalidPathException	SOURCE
org.apache.commons.fileupload2.core.DiskFileItem	checkFileName(java.lang.String)	toString()	java.lang.StringBuilder	SOURCE
org.apache.commons.fileupload2.core.DiskFileItem	checkFileName(java.lang.String)	get(java.lang.String,java.lang.String[])	java.nio.file.Paths	SOURCE
org.apache.commons.fileupload2.core.DiskFileItem	getUniqueId()	getAndIncrement()	java.util.concurrent.atomic.AtomicInteger	SOURCE
org.apache.commons.fileupload2.core.DiskFileItem	getUniqueId()	toString(int)	java.lang.Integer	SOURCE
org.apache.commons.fileupload2.core.DiskFileItem	getUniqueId()	substring(int)	java.lang.String	SOURCE
org.apache.commons.fileupload2.core.DiskFileItem	getUniqueId()	length()	java.lang.String	SOURCE
org.apache.commons.fileupload2.core.DiskFileItem	DiskFileItem(java.lang.String,java.lang.String,boolean,java.lang.String,int,java.nio.file.Path,org.apache.commons.fileupload2.core.FileItemHeaders,java.nio.charset.Charset)	Object()	java.lang.Object	SOURCE
org.apache.commons.fileupload2.core.DiskFileItem	DiskFileItem(java.lang.String,java.lang.String,boolean,java.lang.String,int,java.nio.file.Path,org.apache.commons.fileupload2.core.FileItemHeaders,java.nio.charset.Charset)	getTempDirectory()	org.apache.commons.io.file.PathUtils	SOURCE
org.apache.commons.fileupload2.core.DiskFileItem	DiskFileItem(java.lang.String,java.lang.String,boolean,java.lang.String,int,java.nio.file.Path,org.apache.commons.fileupload2.core.FileItemHeaders,java.nio.charset.Charset)	resolve(java.lang.String)	java.nio.file.Path	SOURCE
org.apache.commons.fileupload2.core.DiskFileItem	DiskFileItem(java.lang.String,java.lang.String,boolean,java.lang.String,int,java.nio.file.Path,org.apache.commons.fileupload2.core.FileItemHeaders,java.nio.charset.Charset)	format(java.lang.String,java.lang.Object[])	java.lang.String	SOURCE
org.apache.commons.fileupload2.core.DiskFileItem	DiskFileItem(java.lang.String,java.lang.String,boolean,java.lang.String,int,java.nio.file.Path,org.apache.commons.fileupload2.core.FileItemHeaders,java.nio.charset.Charset)	getUniqueId()	org.apache.commons.fileupload2.core.DiskFileItem	SOURCE
org.apache.commons.fileupload2.core.DiskFileItem	delete()	getPath()	org.apache.commons.fileupload2.core.DiskFileItem	SOURCE
org.apache.commons.fileupload2.core.DiskFileItem	delete()	isInMemory()	org.apache.commons.fileupload2.core.DiskFileItem	SOURCE
org.apache.commons.fileupload2.core.DiskFileItem	delete()	exists(java.nio.file.Path,java.nio.file.LinkOption[])	java.nio.file.Files	SOURCE
org.apache.commons.fileupload2.core.DiskFileItem	delete()	delete(java.nio.file.Path)	java.nio.file.Files	SOURCE
org.apache.commons.fileupload2.core.DiskFileItem	get()	isInMemory()	org.apache.commons.fileupload2.core.DiskFileItem	SOURCE
org.apache.commons.fileupload2.core.DiskFileItem	get()	getData()	org.apache.commons.io.output.DeferredFileOutputStream	SOURCE
org.apache.commons.fileupload2.core.DiskFileItem	get()	clone()	Array	SOURCE
org.apache.commons.fileupload2.core.DiskFileItem	get()	get(org.apache.commons.io.function.IOSupplier)	org.apache.commons.io.function.Uncheck	SOURCE
org.apache.commons.fileupload2.core.DiskFileItem	get()	get()	org.apache.commons.io.function.IOSupplier	SOURCE
org.apache.commons.fileupload2.core.DiskFileItem	get()	readAllBytes(java.nio.file.Path)	java.nio.file.Files	SOURCE
org.apache.commons.fileupload2.core.DiskFileItem	get()	toPath()	java.io.File	SOURCE
org.apache.commons.fileupload2.core.DiskFileItem	get()	getFile()	org.apache.commons.io.output.DeferredFileOutputStream	SOURCE
org.apache.commons.fileupload2.core.DiskFileItem	getCharset()	ParameterParser()	org.apache.commons.fileupload2.core.ParameterParser	SOURCE
org.apache.commons.fileupload2.core.DiskFileItem	getCharset()	setLowerCaseNames(boolean)	org.apache.commons.fileupload2.core.ParameterParser	SOURCE
org.apache.commons.fileupload2.core.DiskFileItem	getCharset()	parse(java.lang.String,char)	org.apache.commons.fileupload2.core.ParameterParser	SOURCE
org.apache.commons.fileupload2.core.DiskFileItem	getCharset()	getContentType()	org.apache.commons.fileupload2.core.DiskFileItem	SOURCE
org.apache.commons.fileupload2.core.DiskFileItem	getCharset()	toCharset(java.lang.String,java.nio.charset.Charset)	org.apache.commons.io.Charsets	SOURCE
org.apache.commons.fileupload2.core.DiskFileItem	getCharset()	get(java.lang.Object)	java.util.Map	SOURCE
org.apache.commons.fileupload2.core.DiskFileItem	getInputStream()	isInMemory()	org.apache.commons.fileupload2.core.DiskFileItem	SOURCE
org.apache.commons.fileupload2.core.DiskFileItem	getInputStream()	newInputStream(java.nio.file.Path,java.nio.file.OpenOption[])	java.nio.file.Files	SOURCE
org.apache.commons.fileupload2.core.DiskFileItem	getInputStream()	toPath()	java.io.File	SOURCE
org.apache.commons.fileupload2.core.DiskFileItem	getInputStream()	getFile()	org.apache.commons.io.output.DeferredFileOutputStream	SOURCE
org.apache.commons.fileupload2.core.DiskFileItem	getInputStream()	getData()	org.apache.commons.io.output.DeferredFileOutputStream	SOURCE
org.apache.commons.fileupload2.core.DiskFileItem	getInputStream()	ByteArrayInputStream(byte[])	java.io.ByteArrayInputStream	SOURCE
org.apache.commons.fileupload2.core.DiskFileItem	getName()	checkFileName(java.lang.String)	org.apache.commons.fileupload2.core.DiskFileItem	SOURCE
org.apache.commons.fileupload2.core.DiskFileItem	getOutputStream()	get()	org.apache.commons.io.output.DeferredFileOutputStream$Builder	SOURCE
org.apache.commons.fileupload2.core.DiskFileItem	getOutputStream()	setOutputFile(java.io.File)	org.apache.commons.io.output.DeferredFileOutputStream$Builder	SOURCE
org.apache.commons.fileupload2.core.DiskFileItem	getOutputStream()	setThreshold(int)	org.apache.commons.io.output.DeferredFileOutputStream$Builder	SOURCE
org.apache.commons.fileupload2.core.DiskFileItem	getOutputStream()	builder()	org.apache.commons.io.output.DeferredFileOutputStream	SOURCE
org.apache.commons.fileupload2.core.DiskFileItem	getOutputStream()	toFile()	java.nio.file.Path	SOURCE
org.apache.commons.fileupload2.core.DiskFileItem	getOutputStream()	getTempFile()	org.apache.commons.fileupload2.core.DiskFileItem	SOURCE
org.apache.commons.fileupload2.core.DiskFileItem	getPath()	isInMemory()	org.apache.commons.fileupload2.core.DiskFileItem	SOURCE
org.apache.commons.fileupload2.core.DiskFileItem	getPath()	toPath()	java.io.File	SOURCE
org.apache.commons.fileupload2.core.DiskFileItem	getPath()	getFile()	org.apache.commons.io.output.DeferredFileOutputStream	SOURCE
org.apache.commons.fileupload2.core.DiskFileItem	getSize()	getByteCount()	org.apache.commons.io.output.ThresholdingOutputStream	SOURCE
org.apache.commons.fileupload2.core.DiskFileItem	getString()	String(byte[],java.nio.charset.Charset)	java.lang.String	SOURCE
org.apache.commons.fileupload2.core.DiskFileItem	getString()	get()	org.apache.commons.fileupload2.core.DiskFileItem	SOURCE
org.apache.commons.fileupload2.core.DiskFileItem	getString()	getCharset()	org.apache.commons.fileupload2.core.DiskFileItem	SOURCE
org.apache.commons.fileupload2.core.DiskFileItem	getString(java.nio.charset.Charset)	String(byte[],java.nio.charset.Charset)	java.lang.String	SOURCE
org.apache.commons.fileupload2.core.DiskFileItem	getString(java.nio.charset.Charset)	get()	org.apache.commons.fileupload2.core.DiskFileItem	SOURCE
org.apache.commons.fileupload2.core.DiskFileItem	getString(java.nio.charset.Charset)	toCharset(java.nio.charset.Charset,java.nio.charset.Charset)	org.apache.commons.io.Charsets	SOURCE
org.apache.commons.fileupload2.core.DiskFileItem	isInMemory()	isInMemory()	org.apache.commons.io.output.DeferredFileOutputStream	SOURCE
org.apache.commons.fileupload2.core.DiskFileItem	toString()	format(java.lang.String,java.lang.Object[])	java.lang.String	SOURCE
org.apache.commons.fileupload2.core.DiskFileItem	toString()	getName()	org.apache.commons.fileupload2.core.DiskFileItem	SOURCE
org.apache.commons.fileupload2.core.DiskFileItem	toString()	getPath()	org.apache.commons.fileupload2.core.DiskFileItem	SOURCE
org.apache.commons.fileupload2.core.DiskFileItem	toString()	getSize()	org.apache.commons.fileupload2.core.DiskFileItem	SOURCE
org.apache.commons.fileupload2.core.DiskFileItem	toString()	isFormField()	org.apache.commons.fileupload2.core.DiskFileItem	SOURCE
org.apache.commons.fileupload2.core.DiskFileItem	toString()	getFieldName()	org.apache.commons.fileupload2.core.DiskFileItem	SOURCE
org.apache.commons.fileupload2.core.DiskFileItem	write(java.nio.file.Path)	isInMemory()	org.apache.commons.fileupload2.core.DiskFileItem	SOURCE
org.apache.commons.fileupload2.core.DiskFileItem	write(java.nio.file.Path)	newOutputStream(java.nio.file.Path,java.nio.file.OpenOption[])	java.nio.file.Files	SOURCE
org.apache.commons.fileupload2.core.DiskFileItem	write(java.nio.file.Path)	write(byte[])	java.io.OutputStream	SOURCE
org.apache.commons.fileupload2.core.DiskFileItem	write(java.nio.file.Path)	get()	org.apache.commons.fileupload2.core.DiskFileItem	SOURCE
org.apache.commons.fileupload2.core.DiskFileItem	write(java.nio.file.Path)	IOException(java.lang.String,java.lang.Throwable)	java.io.IOException	SOURCE
org.apache.commons.fileupload2.core.DiskFileItem	write(java.nio.file.Path)	getPath()	org.apache.commons.fileupload2.core.DiskFileItem	SOURCE
org.apache.commons.fileupload2.core.DiskFileItem	write(java.nio.file.Path)	FileUploadException(java.lang.String)	org.apache.commons.fileupload2.core.FileUploadException	SOURCE
org.apache.commons.fileupload2.core.DiskFileItem	write(java.nio.file.Path)	size(java.nio.file.Path)	java.nio.file.Files	SOURCE
org.apache.commons.fileupload2.core.DiskFileItem	write(java.nio.file.Path)	move(java.nio.file.Path,java.nio.file.Path,java.nio.file.CopyOption[])	java.nio.file.Files	SOURCE
org.apache.commons.fileupload2.core.FileUploadContentTypeException	FileUploadContentTypeException(java.lang.String,java.lang.String)	FileUploadException(java.lang.String)	org.apache.commons.fileupload2.core.FileUploadException	SOURCE
org.apache.commons.fileupload2.core.FileUploadContentTypeException	FileUploadContentTypeException(java.lang.String,java.lang.Throwable)	FileUploadException(java.lang.String,java.lang.Throwable)	org.apache.commons.fileupload2.core.FileUploadException	SOURCE
org.apache.commons.fileupload2.core.MimeUtils	MIME2JAVA	HashMap()	java.util.HashMap	SOURCE
org.apache.commons.fileupload2.core.MimeUtils	null	put(K,V)	java.util.Map	SOURCE
org.apache.commons.fileupload2.core.MimeUtils	null	put(K,V)	java.util.Map	SOURCE
org.apache.commons.fileupload2.core.MimeUtils	null	put(K,V)	java.util.Map	SOURCE
org.apache.commons.fileupload2.core.MimeUtils	null	put(K,V)	java.util.Map	SOURCE
org.apache.commons.fileupload2.core.MimeUtils	null	put(K,V)	java.util.Map	SOURCE
org.apache.commons.fileupload2.core.MimeUtils	null	put(K,V)	java.util.Map	SOURCE
org.apache.commons.fileupload2.core.MimeUtils	null	put(K,V)	java.util.Map	SOURCE
org.apache.commons.fileupload2.core.MimeUtils	null	put(K,V)	java.util.Map	SOURCE
org.apache.commons.fileupload2.core.MimeUtils	null	put(K,V)	java.util.Map	SOURCE
org.apache.commons.fileupload2.core.MimeUtils	null	put(K,V)	java.util.Map	SOURCE
org.apache.commons.fileupload2.core.MimeUtils	decodeText(java.lang.String)	contains(java.lang.CharSequence)	java.lang.String	SOURCE
org.apache.commons.fileupload2.core.MimeUtils	decodeText(java.lang.String)	length()	java.lang.String	SOURCE
org.apache.commons.fileupload2.core.MimeUtils	decodeText(java.lang.String)	StringBuilder(int)	java.lang.StringBuilder	SOURCE
org.apache.commons.fileupload2.core.MimeUtils	decodeText(java.lang.String)	length()	java.lang.String	SOURCE
org.apache.commons.fileupload2.core.MimeUtils	decodeText(java.lang.String)	charAt(int)	java.lang.String	SOURCE
org.apache.commons.fileupload2.core.MimeUtils	decodeText(java.lang.String)	indexOf(int)	java.lang.String	SOURCE
org.apache.commons.fileupload2.core.MimeUtils	decodeText(java.lang.String)	charAt(int)	java.lang.String	SOURCE
org.apache.commons.fileupload2.core.MimeUtils	decodeText(java.lang.String)	indexOf(int)	java.lang.String	SOURCE
org.apache.commons.fileupload2.core.MimeUtils	decodeText(java.lang.String)	charAt(int)	java.lang.String	SOURCE
org.apache.commons.fileupload2.core.MimeUtils	decodeText(java.lang.String)	indexOf(int)	java.lang.String	SOURCE
org.apache.commons.fileupload2.core.MimeUtils	decodeText(java.lang.String)	substring(int,int)	java.lang.String	SOURCE
org.apache.commons.fileupload2.core.MimeUtils	decodeText(java.lang.String)	startsWith(java.lang.String)	java.lang.String	SOURCE
org.apache.commons.fileupload2.core.MimeUtils	decodeText(java.lang.String)	decodeWord(java.lang.String)	org.apache.commons.fileupload2.core.MimeUtils	SOURCE
org.apache.commons.fileupload2.core.MimeUtils	decodeText(java.lang.String)	append(java.lang.CharSequence,int,int)	java.lang.StringBuilder	SOURCE
org.apache.commons.fileupload2.core.MimeUtils	decodeText(java.lang.String)	append(java.lang.String)	java.lang.StringBuilder	SOURCE
org.apache.commons.fileupload2.core.MimeUtils	decodeText(java.lang.String)	append(java.lang.CharSequence,int,int)	java.lang.StringBuilder	SOURCE
org.apache.commons.fileupload2.core.MimeUtils	decodeText(java.lang.String)	append(java.lang.String)	java.lang.StringBuilder	SOURCE
org.apache.commons.fileupload2.core.MimeUtils	decodeText(java.lang.String)	toString()	java.lang.StringBuilder	SOURCE
org.apache.commons.fileupload2.core.MimeUtils	decodeWord(java.lang.String)	indexOf(java.lang.String)	java.lang.String	SOURCE
org.apache.commons.fileupload2.core.MimeUtils	decodeWord(java.lang.String)	ParseException(java.lang.String,int)	java.text.ParseException	SOURCE
org.apache.commons.fileupload2.core.MimeUtils	decodeWord(java.lang.String)	indexOf(int,int)	java.lang.String	SOURCE
org.apache.commons.fileupload2.core.MimeUtils	decodeWord(java.lang.String)	ParseException(java.lang.String,int)	java.text.ParseException	SOURCE
org.apache.commons.fileupload2.core.MimeUtils	decodeWord(java.lang.String)	toLowerCase(java.util.Locale)	java.lang.String	SOURCE
org.apache.commons.fileupload2.core.MimeUtils	decodeWord(java.lang.String)	substring(int,int)	java.lang.String	SOURCE
org.apache.commons.fileupload2.core.MimeUtils	decodeWord(java.lang.String)	indexOf(int,int)	java.lang.String	SOURCE
org.apache.commons.fileupload2.core.MimeUtils	decodeWord(java.lang.String)	ParseException(java.lang.String,int)	java.text.ParseException	SOURCE
org.apache.commons.fileupload2.core.MimeUtils	decodeWord(java.lang.String)	substring(int,int)	java.lang.String	SOURCE
org.apache.commons.fileupload2.core.MimeUtils	decodeWord(java.lang.String)	indexOf(java.lang.String,int)	java.lang.String	SOURCE
org.apache.commons.fileupload2.core.MimeUtils	decodeWord(java.lang.String)	ParseException(java.lang.String,int)	java.text.ParseException	SOURCE
org.apache.commons.fileupload2.core.MimeUtils	decodeWord(java.lang.String)	substring(int,int)	java.lang.String	SOURCE
org.apache.commons.fileupload2.core.MimeUtils	decodeWord(java.lang.String)	isEmpty()	java.lang.String	SOURCE
org.apache.commons.fileupload2.core.MimeUtils	decodeWord(java.lang.String)	ByteArrayOutputStream(int)	java.io.ByteArrayOutputStream	SOURCE
org.apache.commons.fileupload2.core.MimeUtils	decodeWord(java.lang.String)	length()	java.lang.String	SOURCE
org.apache.commons.fileupload2.core.MimeUtils	decodeWord(java.lang.String)	getBytes(java.nio.charset.Charset)	java.lang.String	SOURCE
org.apache.commons.fileupload2.core.MimeUtils	decodeWord(java.lang.String)	equals(java.lang.Object)	java.lang.String	SOURCE
org.apache.commons.fileupload2.core.MimeUtils	decodeWord(java.lang.String)	write(byte[])	java.io.OutputStream	SOURCE
org.apache.commons.fileupload2.core.MimeUtils	decodeWord(java.lang.String)	decode(byte[])	java.util.Base64$Decoder	SOURCE
org.apache.commons.fileupload2.core.MimeUtils	decodeWord(java.lang.String)	getMimeDecoder()	java.util.Base64	SOURCE
org.apache.commons.fileupload2.core.MimeUtils	decodeWord(java.lang.String)	equals(java.lang.Object)	java.lang.String	SOURCE
org.apache.commons.fileupload2.core.MimeUtils	decodeWord(java.lang.String)	decode(byte[],java.io.OutputStream)	org.apache.commons.fileupload2.core.QuotedPrintableDecoder	SOURCE
org.apache.commons.fileupload2.core.MimeUtils	decodeWord(java.lang.String)	UnsupportedEncodingException(java.lang.String)	java.io.UnsupportedEncodingException	SOURCE
org.apache.commons.fileupload2.core.MimeUtils	decodeWord(java.lang.String)	toByteArray()	java.io.ByteArrayOutputStream	SOURCE
org.apache.commons.fileupload2.core.MimeUtils	decodeWord(java.lang.String)	String(byte[],java.lang.String)	java.lang.String	SOURCE
org.apache.commons.fileupload2.core.MimeUtils	decodeWord(java.lang.String)	javaCharset(java.lang.String)	org.apache.commons.fileupload2.core.MimeUtils	SOURCE
org.apache.commons.fileupload2.core.MimeUtils	decodeWord(java.lang.String)	UnsupportedEncodingException(java.lang.String)	java.io.UnsupportedEncodingException	SOURCE
org.apache.commons.fileupload2.core.MimeUtils	javaCharset(java.lang.String)	get(java.lang.Object)	java.util.Map	SOURCE
org.apache.commons.fileupload2.core.MimeUtils	javaCharset(java.lang.String)	toLowerCase(java.util.Locale)	java.lang.String	SOURCE
org.apache.commons.fileupload2.core.MimeUtils	MimeUtils()	Object()	java.lang.Object	SOURCE
org.apache.commons.fileupload2.core.RFC2231Utils	HEX_DIGITS	toCharArray()	java.lang.String	SOURCE
org.apache.commons.fileupload2.core.RFC2231Utils	null	toLowerCase(char)	java.lang.Character	SOURCE
org.apache.commons.fileupload2.core.RFC2231Utils	decodeText(java.lang.String)	indexOf(int)	java.lang.String	SOURCE
org.apache.commons.fileupload2.core.RFC2231Utils	decodeText(java.lang.String)	substring(int,int)	java.lang.String	SOURCE
org.apache.commons.fileupload2.core.RFC2231Utils	decodeText(java.lang.String)	indexOf(int,int)	java.lang.String	SOURCE
org.apache.commons.fileupload2.core.RFC2231Utils	decodeText(java.lang.String)	fromHex(java.lang.String)	org.apache.commons.fileupload2.core.RFC2231Utils	SOURCE
org.apache.commons.fileupload2.core.RFC2231Utils	decodeText(java.lang.String)	substring(int)	java.lang.String	SOURCE
org.apache.commons.fileupload2.core.RFC2231Utils	decodeText(java.lang.String)	String(byte[],java.lang.String)	java.lang.String	SOURCE
org.apache.commons.fileupload2.core.RFC2231Utils	decodeText(java.lang.String)	getJavaCharset(java.lang.String)	org.apache.commons.fileupload2.core.RFC2231Utils	SOURCE
org.apache.commons.fileupload2.core.RFC2231Utils	fromHex(java.lang.String)	ByteArrayOutputStream(int)	java.io.ByteArrayOutputStream	SOURCE
org.apache.commons.fileupload2.core.RFC2231Utils	fromHex(java.lang.String)	length()	java.lang.String	SOURCE
org.apache.commons.fileupload2.core.RFC2231Utils	fromHex(java.lang.String)	length()	java.lang.String	SOURCE
org.apache.commons.fileupload2.core.RFC2231Utils	fromHex(java.lang.String)	charAt(int)	java.lang.String	SOURCE
org.apache.commons.fileupload2.core.RFC2231Utils	fromHex(java.lang.String)	length()	java.lang.String	SOURCE
org.apache.commons.fileupload2.core.RFC2231Utils	fromHex(java.lang.String)	charAt(int)	java.lang.String	SOURCE
org.apache.commons.fileupload2.core.RFC2231Utils	fromHex(java.lang.String)	charAt(int)	java.lang.String	SOURCE
org.apache.commons.fileupload2.core.RFC2231Utils	fromHex(java.lang.String)	write(int)	java.io.ByteArrayOutputStream	SOURCE
org.apache.commons.fileupload2.core.RFC2231Utils	fromHex(java.lang.String)	write(int)	java.io.ByteArrayOutputStream	SOURCE
org.apache.commons.fileupload2.core.RFC2231Utils	fromHex(java.lang.String)	toByteArray()	java.io.ByteArrayOutputStream	SOURCE
org.apache.commons.fileupload2.core.RFC2231Utils	hasEncodedValue(java.lang.String)	lastIndexOf(int)	java.lang.String	SOURCE
org.apache.commons.fileupload2.core.RFC2231Utils	hasEncodedValue(java.lang.String)	length()	java.lang.String	SOURCE
org.apache.commons.fileupload2.core.RFC2231Utils	stripDelimiter(java.lang.String)	hasEncodedValue(java.lang.String)	org.apache.commons.fileupload2.core.RFC2231Utils	SOURCE
org.apache.commons.fileupload2.core.RFC2231Utils	stripDelimiter(java.lang.String)	StringBuilder(java.lang.String)	java.lang.StringBuilder	SOURCE
org.apache.commons.fileupload2.core.RFC2231Utils	stripDelimiter(java.lang.String)	deleteCharAt(int)	java.lang.StringBuilder	SOURCE
org.apache.commons.fileupload2.core.RFC2231Utils	stripDelimiter(java.lang.String)	lastIndexOf(int)	java.lang.String	SOURCE
org.apache.commons.fileupload2.core.RFC2231Utils	stripDelimiter(java.lang.String)	toString()	java.lang.StringBuilder	SOURCE
org.apache.commons.fileupload2.core.RFC2231Utils	RFC2231Utils()	Object()	java.lang.Object	SOURCE
org.apache.commons.fileupload2.core.ParameterParser	ParameterParser()	Object()	java.lang.Object	SOURCE
org.apache.commons.fileupload2.core.ParameterParser	getToken(boolean)	isWhitespace(char)	java.lang.Character	SOURCE
org.apache.commons.fileupload2.core.ParameterParser	getToken(boolean)	isWhitespace(char)	java.lang.Character	SOURCE
org.apache.commons.fileupload2.core.ParameterParser	getToken(boolean)	String(char[],int,int)	java.lang.String	SOURCE
org.apache.commons.fileupload2.core.ParameterParser	parse(char[],char)	HashMap()	java.util.HashMap	SOURCE
org.apache.commons.fileupload2.core.ParameterParser	parse(char[],char)	parse(char[],int,int,char)	org.apache.commons.fileupload2.core.ParameterParser	SOURCE
org.apache.commons.fileupload2.core.ParameterParser	parse(char[],int,int,char)	HashMap()	java.util.HashMap	SOURCE
org.apache.commons.fileupload2.core.ParameterParser	parse(char[],int,int,char)	HashMap()	java.util.HashMap	SOURCE
org.apache.commons.fileupload2.core.ParameterParser	parse(char[],int,int,char)	clone()	Array	SOURCE
org.apache.commons.fileupload2.core.ParameterParser	parse(char[],int,int,char)	hasChar()	org.apache.commons.fileupload2.core.ParameterParser	SOURCE
org.apache.commons.fileupload2.core.ParameterParser	parse(char[],int,int,char)	parseToken(char[])	org.apache.commons.fileupload2.core.ParameterParser	SOURCE
org.apache.commons.fileupload2.core.ParameterParser	parse(char[],int,int,char)	hasChar()	org.apache.commons.fileupload2.core.ParameterParser	SOURCE
org.apache.commons.fileupload2.core.ParameterParser	parse(char[],int,int,char)	parseQuotedToken(char[])	org.apache.commons.fileupload2.core.ParameterParser	SOURCE
org.apache.commons.fileupload2.core.ParameterParser	parse(char[],int,int,char)	hasEncodedValue(java.lang.String)	org.apache.commons.fileupload2.core.RFC2231Utils	SOURCE
org.apache.commons.fileupload2.core.ParameterParser	parse(char[],int,int,char)	decodeText(java.lang.String)	org.apache.commons.fileupload2.core.RFC2231Utils	SOURCE
org.apache.commons.fileupload2.core.ParameterParser	parse(char[],int,int,char)	decodeText(java.lang.String)	org.apache.commons.fileupload2.core.MimeUtils	SOURCE
org.apache.commons.fileupload2.core.ParameterParser	parse(char[],int,int,char)	hasChar()	org.apache.commons.fileupload2.core.ParameterParser	SOURCE
org.apache.commons.fileupload2.core.ParameterParser	parse(char[],int,int,char)	isEmpty()	java.lang.String	SOURCE
org.apache.commons.fileupload2.core.ParameterParser	parse(char[],int,int,char)	stripDelimiter(java.lang.String)	org.apache.commons.fileupload2.core.RFC2231Utils	SOURCE
org.apache.commons.fileupload2.core.ParameterParser	parse(char[],int,int,char)	toLowerCase(java.util.Locale)	java.lang.String	SOURCE
org.apache.commons.fileupload2.core.ParameterParser	parse(char[],int,int,char)	put(K,V)	java.util.HashMap	SOURCE
org.apache.commons.fileupload2.core.ParameterParser	parse(java.lang.String,char)	HashMap()	java.util.HashMap	SOURCE
org.apache.commons.fileupload2.core.ParameterParser	parse(java.lang.String,char)	parse(char[],char)	org.apache.commons.fileupload2.core.ParameterParser	SOURCE
org.apache.commons.fileupload2.core.ParameterParser	parse(java.lang.String,char)	toCharArray()	java.lang.String	SOURCE
org.apache.commons.fileupload2.core.ParameterParser	parse(java.lang.String,char[])	HashMap()	java.util.HashMap	SOURCE
org.apache.commons.fileupload2.core.ParameterParser	parse(java.lang.String,char[])	length()	java.lang.String	SOURCE
org.apache.commons.fileupload2.core.ParameterParser	parse(java.lang.String,char[])	indexOf(int)	java.lang.String	SOURCE
org.apache.commons.fileupload2.core.ParameterParser	parse(java.lang.String,char[])	parse(java.lang.String,char)	org.apache.commons.fileupload2.core.ParameterParser	SOURCE
org.apache.commons.fileupload2.core.ParameterParser	parseQuotedToken(char[])	hasChar()	org.apache.commons.fileupload2.core.ParameterParser	SOURCE
org.apache.commons.fileupload2.core.ParameterParser	parseQuotedToken(char[])	isOneOf(char,char[])	org.apache.commons.fileupload2.core.ParameterParser	SOURCE
org.apache.commons.fileupload2.core.ParameterParser	parseQuotedToken(char[])	getToken(boolean)	org.apache.commons.fileupload2.core.ParameterParser	SOURCE
org.apache.commons.fileupload2.core.ParameterParser	parseToken(char[])	hasChar()	org.apache.commons.fileupload2.core.ParameterParser	SOURCE
org.apache.commons.fileupload2.core.ParameterParser	parseToken(char[])	isOneOf(char,char[])	org.apache.commons.fileupload2.core.ParameterParser	SOURCE
org.apache.commons.fileupload2.core.ParameterParser	parseToken(char[])	getToken(boolean)	org.apache.commons.fileupload2.core.ParameterParser	SOURCE
